number,t1_code,t1_group,t1_pos,t1_group_size,t2_code,t2_group,t2_pos,t2_group_size,times_fuerte,exact_any,exact_D+1,exact_D+2,exact_D+3,exact_D+4,exact_D+5,exact_D+6,exact_D+7,times_origin,times_confirmer,candidates_as_origin
1,34,1|17|33|49|76,1,5,5,1|10|100,1,3,13,9,1,1,3,0,2,1,1,0,24,
2,33,2|39|82|87,1,4,7,2|20,1,2,5,3,0,2,0,0,0,1,0,0,16,
3,31,3|24|88|99,1,4,65,3|30|83,1,3,22,13,1,4,4,2,0,1,1,0,23,
4,47,4|36|68|79|84,1,5,8,4|40,1,2,5,4,0,0,2,1,1,0,0,0,6,
5,37,5|10|42,1,3,10,5|50,1,2,6,4,1,0,2,1,0,0,0,0,11,61
6,35,6|11|43|54|86,1,5,32,6|60,1,2,7,4,2,1,0,0,0,0,1,0,9,
7,42,7|18|23|50|55|66|71,1,7,55,7|9|22|29|35|42|44|53|63|70|90,1,11,79,60,16,15,10,2,8,6,3,0,101,
8,40,8|19|51|56|67|72,1,6,13,8|80,1,2,10,8,1,5,0,0,1,1,0,0,13,
9,39,9|14|30|41|46|62|78|94,1,8,55,7|9|22|29|35|42|44|53|63|70|90,2,11,81,61,20,12,10,4,5,4,6,0,97,
10,37,5|10|42,2,3,5,1|10|100,2,3,16,11,3,3,1,2,0,1,1,0,19,
11,35,6|11|43|54|86,2,5,47,11|57|69|91,1,4,20,19,3,4,1,5,2,1,3,0,22,
12,43,12|28|44|60|81|92,1,6,57,12|41|56|71|89,1,5,24,18,5,2,2,4,1,3,1,0,35,
13,41,13|29|93,1,3,59,13|17,1,2,9,6,2,1,1,2,0,0,0,0,5,
14,39,9|14|30|41|46|62|78|94,2,8,58,14|54,1,2,11,10,3,2,1,1,1,0,2,0,15,
15,29,15,1,1,39,15|96,1,2,6,5,2,1,1,0,0,1,0,0,6,
16,27,16,1,1,20,16|25,1,2,7,4,1,1,0,0,2,0,0,0,9,
17,34,1|17|33|49|76,2,5,59,13|17,2,2,5,4,1,2,0,1,0,0,0,0,9,
18,42,7|18|23|50|55|66|71,2,7,84,18,1,1,0,0,0,0,0,0,0,0,0,0,0,
19,40,8|19|51|56|67|72,2,6,43,19|46|86,1,3,19,15,5,2,3,1,2,1,1,0,17,
20,38,20|31|47|52|63|100,1,6,7,2|20,2,2,16,13,5,1,2,2,1,2,0,0,5,
21,28,21|26|53,1,3,56,21|51,1,2,7,7,0,4,0,1,1,0,1,0,9,
22,44,22|59|70|75|91,1,5,55,7|9|22|29|35|42|44|53|63|70|90,3,11,75,48,11,11,8,10,5,2,1,0,109,
23,42,7|18|23|50|55|66|71,3,7,51,23|28|73|77|87,1,5,37,28,2,7,7,5,0,4,3,0,54,
24,31,3|24|88|99,2,4,40,24,1,1,0,0,0,0,0,0,0,0,0,0,0,
25,30,25|57,1,2,20,16|25,2,2,9,9,1,2,4,1,0,0,1,0,7,
26,28,21|26|53,2,3,52,26|34|59|72,1,4,31,22,4,4,3,1,5,2,3,37,31,27|38
27,26,27|38,1,2,53,27|68|76|92,1,4,36,27,2,8,6,3,4,1,3,7,29,16
28,43,12|28|44|60|81|92,2,6,51,23|28|73|77|87,2,5,41,35,7,5,7,6,1,5,4,132,42,21|26|53
29,41,13|29|93,2,3,55,7|9|22|29|35|42|44|53|63|70|90,4,11,79,58,15,12,8,6,8,6,3,6,108,15
30,39,9|14|30|41|46|62|78|94,3,8,65,3|30|83,2,3,21,14,3,3,4,0,2,1,1,40,27,25|57
31,38,20|31|47|52|63|100,2,6,66,31|74,1,2,10,8,1,3,1,1,2,0,0,34,13,3|24|88|99
32,36,32|48|64|85,1,4,19,32|45,1,2,11,6,2,1,2,1,0,0,0,43,8,77
33,34,1|17|33|49|76,3,5,85,33,1,1,0,0,0,0,0,0,0,0,0,70,0,2|39|82|87
34,51,34|98,1,2,52,26|34|59|72,2,4,27,23,3,4,5,3,4,2,2,48,32,1|17|33|49|76
35,49,35|40|83,1,3,55,7|9|22|29|35|42|44|53|63|70|90,5,11,66,52,11,11,12,5,10,1,2,57,74,6|11|43|54|86
36,47,4|36|68|79|84,2,5,87,36,1,1,0,0,0,0,0,0,0,0,0,55,0,32|48|64|85
37,46,37|58|74|90,1,4,60,37|65|82,1,3,10,8,0,1,2,2,2,0,1,131,23,5|10|42
38,26,27|38,2,2,44,38,1,1,0,0,0,0,0,0,0,0,0,155,0,20|31|47|52|63|100
39,33,2|39|82|87,2,4,35,39|78,1,2,4,1,0,0,0,1,0,0,0,223,0,9|14|30|41|46|62|78|94
40,49,35|40|83,2,3,8,4|40,2,2,6,5,1,1,2,0,1,0,0,129,5,8|19|51|56|67|72
41,39,9|14|30|41|46|62|78|94,4,8,57,12|41|56|71|89,2,5,31,24,4,5,8,4,1,1,1,130,42,13|29|93
42,37,5|10|42,3,3,55,7|9|22|29|35|42|44|53|63|70|90,6,11,85,69,16,12,15,8,7,9,2,190,84,7|18|23|50|55|66|71
43,35,6|11|43|54|86,3,5,42,43,1,1,0,0,0,0,0,0,0,0,0,228,0,12|28|44|60|81|92
44,43,12|28|44|60|81|92,3,6,55,7|9|22|29|35|42|44|53|63|70|90,7,11,81,56,16,9,11,4,8,1,7,244,83,22|59|70|75|91
45,50,45,1,1,19,32|45,2,2,8,3,1,2,0,0,0,0,0,46,11,69|80
46,39,9|14|30|41|46|62|78|94,5,8,43,19|46|86,2,3,19,11,2,4,0,0,2,1,2,127,10,37|58|74|90
47,38,20|31|47|52|63|100,3,6,63,47,1,1,0,0,0,0,0,0,0,0,0,80,0,4|36|68|79|84
48,36,32|48|64|85,2,4,61,48|93|97,1,3,23,18,3,5,3,2,1,4,0,77,18,73|89
49,34,1|17|33|49|76,4,5,72,49,1,1,0,0,0,0,0,0,0,0,0,109,0,35|40|83
50,42,7|18|23|50|55|66|71,4,7,10,5|50,2,2,11,8,0,0,2,0,2,4,0,8,6,45
51,40,8|19|51|56|67|72,3,6,56,21|51,2,2,9,7,1,3,2,0,1,0,0,29,7,34|98
52,38,20|31|47|52|63|100,4,6,48,52|81|85,1,3,18,13,4,3,3,2,0,1,0,36,17,65|97
53,28,21|26|53,3,3,55,7|9|22|29|35|42|44|53|63|70|90,8,11,72,49,10,11,4,11,5,5,3,0,94,
54,35,6|11|43|54|86,4,5,58,14|54,2,2,15,11,2,2,3,2,1,1,0,6,11,96
55,42,7|18|23|50|55|66|71,5,7,49,55,1,1,0,0,0,0,0,0,0,0,0,0,0,
56,40,8|19|51|56|67|72,4,6,57,12|41|56|71|89,3,5,38,26,4,6,2,6,3,2,3,0,32,95
57,30,25|57,2,2,47,11|57|69|91,2,4,29,25,3,9,3,3,4,2,1,0,33,
58,46,37|58|74|90,2,4,50,58|84|94,1,3,16,13,4,2,3,1,1,2,0,0,19,
59,44,22|59|70|75|91,2,5,52,26|34|59|72,3,4,28,22,2,2,8,3,3,1,3,0,32,
60,43,12|28|44|60|81|92,4,6,32,6|60,2,2,9,7,2,0,1,2,1,1,0,0,7,
61,5,61,1,1,2,61,1,1,0,0,0,0,0,0,0,0,0,0,0,
62,39,9|14|30|41|46|62|78|94,6,8,64,62|75,1,2,7,6,0,2,2,1,0,0,1,0,10,
63,38,20|31|47|52|63|100,5,6,55,7|9|22|29|35|42|44|53|63|70|90,9,11,75,56,7,10,10,9,6,11,3,0,87,
64,36,32|48|64|85,3,4,23,64,1,1,0,0,0,0,0,0,0,0,0,0,0,
65,52,65|97,1,2,60,37|65|82,2,3,24,19,5,5,1,2,2,1,3,0,16,
66,42,7|18|23|50|55|66|71,6,7,69,66,1,1,0,0,0,0,0,0,0,0,0,0,0,
67,40,8|19|51|56|67|72,5,6,54,67|79|88,1,3,16,11,4,1,4,0,2,0,0,0,17,
68,47,4|36|68|79|84,3,5,53,27|68|76|92,2,4,31,18,4,5,2,0,5,0,2,0,36,
69,45,69|80,1,2,47,11|57|69|91,3,4,32,23,4,6,1,4,1,5,2,0,27,
70,44,22|59|70|75|91,3,5,55,7|9|22|29|35|42|44|53|63|70|90,10,11,76,57,20,9,6,10,7,2,3,0,103,
71,42,7|18|23|50|55|66|71,7,7,57,12|41|56|71|89,4,5,43,35,15,5,7,0,5,1,2,0,32,
72,40,8|19|51|56|67|72,6,6,52,26|34|59|72,4,4,30,23,8,4,5,1,1,0,4,0,30,
73,48,73|89,1,2,51,23|28|73|77|87,3,5,35,26,8,5,5,2,2,1,3,0,37,
74,46,37|58|74|90,3,4,66,31|74,2,2,13,10,2,5,0,0,0,3,0,0,10,
75,44,22|59|70|75|91,4,5,64,62|75,2,2,10,6,2,0,3,1,0,0,0,0,7,
76,34,1|17|33|49|76,5,5,53,27|68|76|92,3,4,29,25,4,2,7,5,2,2,3,0,36,
77,32,77,1,1,51,23|28|73|77|87,4,5,41,28,4,4,3,6,2,4,5,0,31,
78,39,9|14|30|41|46|62|78|94,7,8,35,39|78,2,2,0,0,0,0,0,0,0,0,0,0,4,
79,47,4|36|68|79|84,4,5,54,67|79|88,2,3,24,19,8,4,3,2,0,2,0,0,17,
80,45,69|80,2,2,13,8|80,2,2,13,11,3,2,1,3,0,1,1,0,10,
81,43,12|28|44|60|81|92,5,6,48,52|81|85,2,3,15,15,6,2,2,1,0,4,0,0,15,
82,33,2|39|82|87,3,4,60,37|65|82,3,3,20,18,6,5,3,2,1,0,1,0,17,
83,49,35|40|83,3,3,65,3|30|83,3,3,23,17,5,5,2,2,0,1,2,0,16,
84,47,4|36|68|79|84,5,5,50,58|84|94,2,3,16,12,4,0,3,3,1,1,0,0,29,
85,36,32|48|64|85,4,4,48,52|81|85,3,3,20,16,2,6,2,4,1,1,0,0,21,
86,35,6|11|43|54|86,5,5,43,19|46|86,3,3,14,12,3,1,2,4,1,1,0,0,25,
87,33,2|39|82|87,4,4,51,23|28|73|77|87,5,5,38,34,7,6,6,5,3,5,2,0,39,
88,31,3|24|88|99,3,4,54,67|79|88,3,3,12,8,0,0,0,2,2,2,2,0,20,
89,48,73|89,2,2,57,12|41|56|71|89,5,5,33,24,8,2,3,1,4,4,2,0,40,
90,46,37|58|74|90,4,4,55,7|9|22|29|35|42|44|53|63|70|90,11,11,65,49,14,8,7,6,7,3,4,0,98,
91,44,22|59|70|75|91,5,5,47,11|57|69|91,4,4,27,21,11,4,2,1,1,1,1,0,30,
92,43,12|28|44|60|81|92,6,6,53,27|68|76|92,4,4,32,29,10,6,2,0,2,5,4,0,35,
93,41,13|29|93,3,3,61,48|93|97,2,3,22,19,4,3,4,2,3,2,1,0,19,
94,39,9|14|30|41|46|62|78|94,8,8,50,58|84|94,3,3,32,25,10,3,3,5,2,1,1,0,17,
95,56,95,1,1,36,95,1,1,0,0,0,0,0,0,0,0,0,0,0,
96,54,96,1,1,39,15|96,2,2,6,5,2,2,1,0,0,0,0,0,6,
97,52,65|97,2,2,61,48|93|97,3,3,11,9,1,2,3,0,1,1,1,0,21,
98,51,34|98,2,2,67,98,1,1,0,0,0,0,0,0,0,0,0,0,0,
99,31,3|24|88|99,4,4,28,99,1,1,0,0,0,0,0,0,0,0,0,0,0,
100,38,20|31|47|52|63|100,6,6,5,1|10|100,3,3,14,0,0,0,0,0,0,0,0,0,0,
