case_date,fuerte,origin,confirmer,n_confirmers,n_fuertes_same_day,all_fuertes,t1_pos_fuerte,fuerte_appeared,first_day_offset
2019-07-24,7,42,9,2,2,7|50,1,True,2
2019-07-24,50,42,5,1,2,7|50,4,True,5
2019-07-27,11,35,91,1,3,11|86|90,2,True,1
2019-07-27,86,35,46,1,3,11|86|90,5,False,
2019-07-27,90,46,35,1,3,11|86|90,4,True,5
2019-07-29,5,37,50,1,2,5|10,1,False,
2019-07-29,10,37,1,1,2,5|10,2,True,2
2019-08-01,23,42,73,1,2,23|71,3,True,2
2019-08-01,71,42,89,1,2,23|71,7,True,1
2019-08-02,26,28,34,1,2,26|100,2,False,
2019-08-02,100,38,1,1,2,26|100,6,False,
2019-08-04,12,43,71,1,2,12|60,1,True,1
2019-08-04,60,43,6,1,2,12|60,4,True,1
2019-08-06,56,40,89,1,2,56|72,4,False,
2019-08-06,72,40,34,2,2,56|72,6,True,1
2019-08-10,23,42,73,1,2,23|77,3,False,
2019-08-10,77,32,73,1,2,23|77,1,True,5
2019-08-11,29,41,9,1,4,29|42|89|93,2,True,1
2019-08-11,42,37,9,1,4,29|42|89|93,3,True,2
2019-08-11,89,48,41,1,4,29|42|89|93,2,True,1
2019-08-11,93,41,48,1,4,29|42|89|93,3,True,1
2019-08-13,68,47,76,1,2,68|84,3,False,
2019-08-13,84,47,94,1,2,68|84,5,True,1
2019-08-18,22,44,7,1,2,22|70,1,True,2
2019-08-18,70,44,7,1,2,22|70,3,False,
2019-08-20,29,41,22,1,2,29|69,2,False,
2019-08-20,69,45,57,1,2,29|69,1,False,
2019-08-27,28,43,77,1,2,28|44,2,True,5
2019-08-27,44,43,53,2,2,28|44,3,True,4
2019-08-28,10,37,1,1,2,10|42,2,True,1
2019-08-28,42,37,29,1,2,10|42,3,True,4
2019-09-03,40,49,4,1,2,40|68,2,True,5
2019-09-03,68,47,92,1,2,40|68,3,False,
2019-09-07,34,51,59,1,2,34|91,1,True,3
2019-09-07,91,44,57,1,2,34|91,5,True,1
2019-09-08,11,35,91,1,2,11|53,2,True,2
2019-09-08,53,28,35,1,2,11|53,3,True,2
2019-09-11,42,37,22,1,3,42|65|76,3,True,1
2019-09-11,65,52,37,1,3,42|65|76,1,True,7
2019-09-11,76,34,27,1,3,42|65|76,5,True,3
2019-09-12,44,43,63,1,3,44|76|92,3,False,
2019-09-12,76,34,68,1,3,44|76|92,5,True,2
2019-09-12,92,43,68,1,3,44|76|92,6,False,
2019-09-19,9,39,70,1,2,9|25,1,True,3
2019-09-19,25,30,16,1,2,9|25,1,True,3
2019-09-20,7,42,35,1,3,7|11|86,1,True,6
2019-09-20,11,35,57,1,3,7|11|86,2,True,5
2019-09-20,86,35,19,1,3,7|11|86,5,True,1
2019-09-23,76,34,27,1,2,76|87,5,True,2
2019-09-23,87,33,23,1,2,76|87,4,True,2
2019-09-25,69,45,11,1,2,69|80,1,True,2
2019-09-25,80,45,8,1,2,69|80,2,True,2
2019-10-03,12,43,89,1,3,12|56|72,1,False,
2019-10-03,56,40,89,1,3,12|56|72,4,True,4
2019-10-03,72,40,26,1,3,12|56|72,6,False,
2019-10-08,12,43,56,1,2,12|17,1,True,4
2019-10-08,17,34,13,1,2,12|17,2,True,2
2019-10-25,27,26,76,1,2,27|29,1,True,1
2019-10-25,29,41,53,1,2,27|29,2,True,4
2019-10-31,28,43,87,1,2,28|44,2,False,
2019-10-31,44,43,29,1,2,28|44,3,True,2
2019-11-03,3,31,30,1,3,3|29|88,1,False,
2019-11-03,29,41,63,1,3,3|29|88,2,True,3
2019-11-03,88,31,79,1,3,3|29|88,3,True,6
2019-11-09,29,41,63,1,3,29|56|67,2,True,2
2019-11-09,56,40,41,1,3,29|56|67,4,False,
2019-11-09,67,40,88,1,3,29|56|67,5,True,1
2019-11-14,53,28,22,1,2,53|90,3,True,1
2019-11-14,90,46,22,1,2,53|90,4,True,1
2019-11-26,9,39,22,3,2,9|94,1,False,
2019-11-26,94,39,84,1,2,9|94,8,True,5
2019-11-27,89,48,41,1,2,89|93,2,False,
2019-11-27,93,41,48,1,2,89|93,3,True,5
2019-12-10,12,43,56,1,3,12|28|41,1,True,2
2019-12-10,28,43,73,1,3,12|28|41,2,True,7
2019-12-10,41,39,56,1,3,12|28|41,4,True,1
2019-12-13,44,43,35,1,2,44|92,3,True,6
2019-12-13,92,43,27,2,2,44|92,6,True,6
2019-12-20,77,32,73,1,2,77|89,1,True,2
2019-12-20,89,48,12,1,2,77|89,2,True,3
2019-12-27,1,34,10,1,2,1|42,1,True,7
2019-12-27,42,37,35,1,2,1|42,3,True,1
2020-01-07,9,39,44,1,4,9|90|91|94,1,True,4
2020-01-07,90,46,44,1,4,9|90|91|94,4,True,2
2020-01-07,91,44,69,1,4,9|90|91|94,5,True,3
2020-01-07,94,39,58,1,4,9|90|91|94,8,True,1
2020-01-10,8,40,80,1,2,8|77,1,True,2
2020-01-10,77,32,23,1,2,8|77,1,True,6
2020-01-20,31,38,74,1,3,31|52|63,2,True,1
2020-01-20,52,38,85,1,3,31|52|63,4,True,4
2020-01-20,63,38,44,1,3,31|52|63,5,True,6
2020-01-22,31,38,74,1,3,31|52|63,2,True,3
2020-01-22,52,38,85,1,3,31|52|63,4,True,2
2020-01-22,63,38,70,1,3,31|52|63,5,True,4
2020-01-26,22,44,7,1,3,22|59|70,1,False,
2020-01-26,59,44,34,1,3,22|59|70,2,False,
2020-01-26,70,44,7,1,3,22|59|70,3,True,7
2020-01-31,2,33,20,1,2,2|87,1,True,6
2020-01-31,87,33,23,1,2,2|87,4,False,
2020-02-08,54,35,14,1,2,54|80,4,True,3
2020-02-08,80,45,8,1,2,54|80,2,True,4
2020-02-17,11,35,69,1,3,11|40|77,2,True,2
2020-02-17,40,49,4,1,3,11|40|77,2,False,
2020-02-17,77,32,23,1,3,11|40|77,1,True,4
2020-02-21,11,35,91,1,4,11|28|44|92,2,True,4
2020-02-21,28,43,77,1,4,11|28|44|92,2,True,1
2020-02-21,44,43,35,1,4,11|28|44|92,3,False,
2020-02-21,92,43,27,1,4,11|28|44|92,6,True,1
2020-02-24,58,46,84,1,2,58|90,2,True,6
2020-02-24,90,46,63,1,2,58|90,4,True,1
2020-02-28,2,33,20,1,2,2|87,1,True,2
2020-02-28,87,33,23,1,2,2|87,4,True,1
2020-03-02,22,44,90,1,2,22|70,1,True,4
2020-03-02,70,44,90,1,2,22|70,3,True,4
2020-03-11,8,40,80,1,3,8|19|85,1,True,6
2020-03-11,19,40,86,1,3,8|19|85,2,False,
2020-03-11,85,36,81,1,3,8|19|85,4,True,4
2020-03-13,46,39,86,1,2,46|68,5,False,
2020-03-13,68,47,92,1,2,46|68,3,False,
2020-03-14,9,39,53,1,2,9|44,1,True,6
2020-03-14,44,43,53,1,2,9|44,3,True,2
2020-03-16,10,37,1,1,3,10|42|73,2,False,
2020-03-16,42,37,44,1,3,10|42|73,3,True,1
2020-03-16,73,48,77,1,3,10|42|73,1,True,2
2020-05-03,29,41,7,1,2,29|42,2,True,3
2020-05-03,42,37,7,1,2,29|42,3,True,3
2020-06-03,22,44,63,1,2,22|70,1,True,6
2020-06-03,70,44,63,1,2,22|70,3,True,3
2020-06-07,58,46,94,1,2,58|90,2,True,3
2020-06-07,90,46,70,1,2,58|90,4,False,
2020-06-09,28,43,87,1,2,28|94,2,True,4
2020-06-09,94,39,84,1,2,28|94,8,True,4
2020-06-10,7,42,29,1,4,7|15|52|63,1,True,7
2020-06-10,15,29,96,1,4,7|15|52|63,1,True,3
2020-06-10,52,38,85,1,4,7|15|52|63,4,True,1
2020-06-10,63,38,29,2,4,7|15|52|63,5,False,
2020-06-14,22,44,35,1,2,22|70,1,False,
2020-06-14,70,44,35,1,2,22|70,3,True,1
2020-06-20,65,52,37,1,2,65|85,1,True,1
2020-06-20,85,36,52,1,2,65|85,4,False,
2020-06-22,44,43,9,1,2,44|60,3,True,1
2020-06-22,60,43,6,1,2,44|60,4,True,4
2020-06-23,22,44,7,2,2,22|70,1,True,1
2020-06-23,70,44,7,2,2,22|70,3,True,2
2020-06-27,27,26,68,1,2,27|41,1,True,3
2020-06-27,41,39,71,1,2,27|41,4,True,5
2020-06-29,19,40,86,1,3,19|56|91,2,True,7
2020-06-29,56,40,89,1,3,19|56|91,4,False,
2020-06-29,91,44,69,1,3,19|56|91,5,False,
2020-07-01,42,37,9,1,2,42|76,3,False,
2020-07-01,76,34,68,1,2,42|76,5,True,1
2020-07-10,59,44,26,1,3,59|75|90,2,True,3
2020-07-10,75,44,62,1,3,59|75|90,4,False,
2020-07-10,90,46,44,1,3,59|75|90,4,False,
2020-07-11,4,47,40,1,3,4|68|79,1,True,3
2020-07-11,68,47,92,1,3,4|68|79,3,False,
2020-07-11,79,47,67,1,3,4|68|79,4,False,
2020-07-12,12,43,41,1,2,12|28,1,False,
2020-07-12,28,43,73,1,2,12|28,2,True,2
2020-07-15,12,43,89,1,4,12|44|68|71,1,True,6
2020-07-15,44,43,42,1,4,12|44|68|71,3,True,2
2020-07-15,68,47,92,1,4,12|44|68|71,3,True,5
2020-07-15,71,42,89,1,4,12|44|68|71,7,True,1
2020-07-17,42,37,44,1,2,42|91,3,False,
2020-07-17,91,44,57,1,2,42|91,5,False,
2020-07-27,12,43,89,1,3,12|28|87,1,True,3
2020-07-27,28,43,23,1,3,12|28|87,2,True,4
2020-07-27,87,33,23,1,3,12|28|87,4,False,
2020-07-31,42,37,63,1,2,42|90,3,False,
2020-07-31,90,46,63,1,2,42|90,4,False,
2020-08-06,28,43,87,1,2,28|44,2,True,7
2020-08-06,44,43,29,2,2,28|44,3,True,1
2020-08-10,7,42,29,1,2,7|34,1,True,1
2020-08-10,34,51,59,1,2,7|34,1,True,6
2020-08-21,1,34,10,1,2,1|17,1,True,3
2020-08-21,17,34,13,1,2,1|17,2,True,2
2020-08-31,28,43,77,1,4,28|44|68|92,2,True,3
2020-08-31,44,43,9,1,4,28|44|68|92,3,False,
2020-08-31,68,47,27,1,4,28|44|68|92,3,True,2
2020-08-31,92,43,27,1,4,28|44|68|92,6,True,1
2020-09-11,9,39,29,2,2,9|14,1,True,2
2020-09-11,14,39,54,1,2,9|14,2,True,4
2020-09-21,44,43,70,1,2,44|92,3,True,4
2020-09-21,92,43,76,1,2,44|92,6,True,6
2020-09-29,42,37,35,1,2,42|53,3,True,4
2020-09-29,53,28,35,1,2,42|53,3,False,
2020-10-01,19,40,86,1,2,19|46,2,True,5
2020-10-01,46,39,86,1,2,19|46,5,True,6
2020-10-07,7,42,44,2,4,7|22|48|70,1,False,
2020-10-07,22,44,42,2,4,7|22|48|70,1,True,5
2020-10-07,48,36,93,1,4,7|22|48|70,2,False,
2020-10-07,70,44,42,2,4,7|22|48|70,3,True,3
2020-10-11,7,42,70,1,2,7|90,1,False,
2020-10-11,90,46,42,2,2,7|90,4,True,3
2020-10-12,57,30,91,1,2,57|69,2,True,2
2020-10-12,69,45,91,1,2,57|69,1,True,1
2020-10-17,3,31,30,1,3,3|28|81,1,True,4
2020-10-17,28,43,73,1,3,3|28|81,2,True,6
2020-10-17,81,43,52,1,3,3|28|81,5,True,1
2020-10-18,52,38,81,1,2,52|63,4,True,1
2020-10-18,63,38,90,1,2,52|63,5,False,
2020-10-20,44,43,35,1,2,44|79,3,True,7
2020-10-20,79,47,88,1,2,44|79,4,True,3
2020-10-24,20,38,2,1,4,20|23|63|71,1,True,5
2020-10-24,23,42,87,1,4,20|23|63|71,3,True,3
2020-10-24,63,38,42,1,4,20|23|63|71,5,True,6
2020-10-24,71,42,12,1,4,20|23|63|71,7,False,
2020-11-13,9,39,29,1,2,9|46,1,True,5
2020-11-13,46,39,19,1,2,9|46,5,True,7
2020-11-17,65,52,82,1,2,65|85,1,True,7
2020-11-17,85,36,52,1,2,65|85,4,True,2
2020-11-20,86,35,46,1,2,86|90,5,True,2
2020-11-20,90,46,35,2,2,86|90,4,True,3
2020-11-25,41,39,12,1,3,41|73|89,4,True,2
2020-11-25,73,48,23,2,3,41|73|89,1,False,
2020-11-25,89,48,12,1,3,41|73|89,2,False,
2020-12-07,28,43,77,1,3,28|44|81,2,True,1
2020-12-07,44,43,35,2,3,28|44|81,3,False,
2020-12-07,81,43,85,1,3,28|44|81,5,True,1
2020-12-13,12,43,56,1,2,12|28,1,False,
2020-12-13,28,43,87,1,2,12|28,2,True,3
2020-12-14,8,40,80,1,2,8|72,1,True,5
2020-12-14,72,40,26,1,2,8|72,6,False,
2020-12-15,27,26,92,1,3,27|72|76,1,True,5
2020-12-15,72,40,26,2,3,27|72|76,6,False,
2020-12-15,76,34,92,1,3,27|72|76,5,True,6
2020-12-18,35,49,7,2,2,35|73,1,True,6
2020-12-18,73,48,23,1,2,35|73,1,True,4
2020-12-23,23,42,73,1,2,23|71,3,True,4
2020-12-23,71,42,12,1,2,23|71,7,True,3
2021-01-06,22,44,90,1,2,22|70,1,False,
2021-01-06,70,44,90,1,2,22|70,3,True,1
2021-01-11,27,26,68,1,2,27|73,1,False,
2021-01-11,73,48,23,2,2,27|73,1,True,2
2021-01-13,68,47,76,1,2,68|79,3,False,
2021-01-13,79,47,67,1,2,68|79,4,True,1
2021-01-15,26,28,72,1,2,26|53,2,False,
2021-01-15,53,28,22,1,2,26|53,3,False,
2021-01-16,63,38,35,1,3,63|86|90,5,True,3
2021-01-16,86,35,46,1,3,63|86|90,5,False,
2021-01-16,90,46,35,1,3,63|86|90,4,True,1
2021-01-22,58,46,84,1,3,58|74|90,2,True,1
2021-01-22,74,46,31,1,3,58|74|90,3,True,1
2021-01-22,90,46,70,1,3,58|74|90,4,False,
2021-02-08,11,35,91,1,4,11|29|57|93,2,True,2
2021-02-08,29,41,35,1,4,11|29|57|93,2,True,1
2021-02-08,57,30,91,1,4,11|29|57|93,2,True,3
2021-02-08,93,41,97,1,4,11|29|57|93,3,True,3
2021-02-09,9,39,42,1,5,9|41|50|62|71,1,False,
2021-02-09,41,39,12,1,5,9|41|50|62|71,4,True,2
2021-02-09,50,42,5,1,5,9|41|50|62|71,4,True,6
2021-02-09,62,39,75,1,5,9|41|50|62|71,6,True,3
2021-02-09,71,42,12,1,5,9|41|50|62|71,7,True,2
2021-02-10,9,39,29,1,3,9|41|69,1,False,
2021-02-10,41,39,12,1,3,9|41|69,4,True,1
2021-02-10,69,45,11,1,3,9|41|69,1,False,
2021-02-12,9,39,29,1,2,9|14,1,True,6
2021-02-12,14,39,54,1,2,9|14,2,False,
2021-02-15,44,43,29,1,3,44|81|90,3,False,
2021-02-15,81,43,52,1,3,44|81|90,5,True,1
2021-02-15,90,46,29,1,3,44|81|90,4,True,6
2021-02-16,58,46,84,2,2,58|73,2,False,
2021-02-16,73,48,23,1,2,58|73,1,False,
2021-02-18,7,42,9,1,3,7|32|48,1,True,3
2021-02-18,32,36,45,1,3,7|32|48,1,False,
2021-02-18,48,36,93,1,3,7|32|48,2,True,2
2021-02-20,53,28,29,1,2,53|63,3,True,4
2021-02-20,63,38,29,1,2,53|63,5,True,3
2021-02-22,27,26,76,1,4,27|34|51|72,1,False,
2021-02-22,34,51,26,1,4,27|34|51|72,1,True,2
2021-02-22,51,40,21,1,4,27|34|51|72,3,True,3
2021-02-22,72,40,26,1,4,27|34|51|72,6,True,3
2021-03-09,72,40,34,1,2,72|76,6,True,5
2021-03-09,76,34,92,1,2,72|76,5,False,
2021-03-12,23,42,77,1,4,23|37|71|90,3,False,
2021-03-12,37,46,82,1,4,23|37|71|90,1,True,3
2021-03-12,71,42,89,1,4,23|37|71|90,7,True,1
2021-03-12,90,46,42,1,4,23|37|71|90,4,False,
2021-03-13,32,36,45,1,2,32|48,1,False,
2021-03-13,48,36,97,1,2,32|48,2,True,1
2021-03-14,22,44,7,1,4,22|70|90|91,1,True,1
2021-03-14,70,44,7,2,4,22|70|90|91,3,False,
2021-03-14,90,46,7,3,4,22|70|90|91,4,True,7
2021-03-14,91,44,69,1,4,22|70|90|91,5,True,1
2021-03-15,9,39,22,1,2,9|32,1,True,5
2021-03-15,32,36,45,1,2,9|32,1,False,
2021-03-18,7,42,63,1,3,7|29|71,1,False,
2021-03-18,29,41,42,2,3,7|29|71,2,True,7
2021-03-18,71,42,41,1,3,7|29|71,7,True,1
2021-03-21,44,43,22,1,2,44|92,3,True,1
2021-03-21,92,43,27,1,2,44|92,6,True,2
2021-03-22,29,41,35,1,5,29|53|73|89|93,2,True,3
2021-03-22,53,28,35,1,5,29|53|73|89|93,3,True,2
2021-03-22,73,48,28,1,5,29|53|73|89|93,1,True,1
2021-03-22,89,48,41,1,5,29|53|73|89|93,2,True,6
2021-03-22,93,41,48,1,5,29|53|73|89|93,3,True,2
2021-03-23,53,28,9,1,2,53|73,3,True,1
2021-03-23,73,48,28,1,2,53|73,1,True,3
2021-04-04,28,43,23,1,2,28|77,2,True,6
2021-04-04,77,32,23,1,2,28|77,1,False,
2021-04-13,3,31,83,1,2,3|56,1,True,6
2021-04-13,56,40,71,1,2,3|56,4,True,4
2021-04-17,7,42,22,1,5,7|23|26|53|90,1,True,5
2021-04-17,23,42,28,1,5,7|23|26|53|90,3,True,3
2021-04-17,26,28,59,1,5,7|23|26|53|90,2,True,4
2021-04-17,53,28,22,2,5,7|23|26|53|90,3,True,6
2021-04-17,90,46,22,2,5,7|23|26|53|90,4,True,1
2021-04-20,6,35,60,1,6,6|22|29|70|89|93,1,True,7
2021-04-20,22,44,35,1,6,6|22|29|70|89|93,1,True,4
2021-04-20,29,41,35,2,6,6|22|29|70|89|93,2,True,2
2021-04-20,70,44,35,1,6,6|22|29|70|89|93,3,True,5
2021-04-20,89,48,41,1,6,6|22|29|70|89|93,2,True,4
2021-04-20,93,41,48,1,6,6|22|29|70|89|93,3,True,2
2021-04-23,12,43,56,1,3,12|44|63,1,False,
2021-04-23,44,43,53,1,3,12|44|63,3,False,
2021-04-23,63,38,53,1,3,12|44|63,5,True,6
2021-04-24,9,39,29,1,2,9|41,1,True,2
2021-04-24,41,39,71,1,2,9|41,4,False,
2021-04-29,9,39,53,2,3,9|20|63,1,True,4
2021-04-29,20,38,2,1,3,9|20|63,1,True,1
2021-04-29,63,38,53,1,3,9|20|63,5,True,2
2021-04-30,9,39,70,1,3,9|42|82,1,True,3
2021-04-30,42,37,70,1,3,9|42|82,3,True,6
2021-04-30,82,33,37,1,3,9|42|82,3,False,
2021-05-03,35,49,53,1,3,35|56|69,1,False,
2021-05-03,56,40,12,1,3,35|56|69,4,False,
2021-05-03,69,45,57,1,3,35|56|69,1,True,2
2021-05-10,31,38,74,1,2,31|76,2,True,4
2021-05-10,76,34,27,1,2,31|76,5,False,
2021-05-11,12,43,41,1,4,12|29|44|81,1,True,5
2021-05-11,29,41,70,1,4,12|29|44|81,2,True,6
2021-05-11,44,43,70,1,4,12|29|44|81,3,True,4
2021-05-11,81,43,52,1,4,12|29|44|81,5,True,1
2021-05-13,1,34,10,1,2,1|76,1,True,5
2021-05-13,76,34,68,1,2,1|76,5,True,5
2021-05-15,35,49,44,1,2,35|53,1,True,1
2021-05-15,53,28,44,1,2,35|53,3,False,
2021-05-21,25,30,16,1,3,25|35|83,1,True,1
2021-05-21,35,49,70,1,3,25|35|83,1,True,5
2021-05-21,83,49,30,1,3,25|35|83,3,True,2
2021-05-25,17,34,13,1,4,17|26|53|76,2,True,4
2021-05-25,26,28,34,1,4,17|26|53|76,2,True,7
2021-05-25,53,28,22,1,4,17|26|53|76,3,True,6
2021-05-25,76,34,27,1,4,17|26|53|76,5,True,3
2021-06-02,9,39,63,1,2,9|62,1,True,5
2021-06-02,62,39,75,1,2,9|62,6,False,
2021-06-04,22,44,7,2,2,22|70,1,False,
2021-06-04,70,44,7,2,2,22|70,3,False,
2021-06-07,9,39,90,1,3,9|42|65,1,False,
2021-06-07,42,37,9,2,3,9|42|65,3,True,3
2021-06-07,65,52,37,1,3,9|42|65,1,True,1
2021-06-10,35,49,90,1,2,35|89,1,True,3
2021-06-10,89,48,12,1,2,35|89,2,True,5
2021-06-21,52,38,85,1,2,52|100,4,True,1
2021-06-21,100,38,1,1,2,52|100,6,False,
2021-06-25,7,42,29,1,2,7|44,1,True,2
2021-06-25,44,43,29,2,2,7|44,3,True,2
2021-06-29,42,37,90,1,2,42|53,3,False,
2021-06-29,53,28,90,1,2,42|53,3,False,
2021-06-30,68,47,76,1,2,68|91,3,True,5
2021-06-30,91,44,11,1,2,68|91,5,True,4
2021-07-03,9,39,22,1,3,9|42|46,1,True,3
2021-07-03,42,37,22,1,3,9|42|46,3,True,4
2021-07-03,46,39,19,1,3,9|42|46,5,True,2
2021-07-07,7,42,90,1,4,7|29|68|71,1,True,2
2021-07-07,29,41,42,2,4,7|29|68|71,2,True,5
2021-07-07,68,47,92,1,4,7|29|68|71,3,False,
2021-07-07,71,42,41,2,4,7|29|68|71,7,True,2
2021-07-12,63,38,29,2,2,63|90,5,False,
2021-07-12,90,46,29,2,2,63|90,4,True,6
2021-07-17,7,42,29,1,2,7|50,1,True,1
2021-07-17,50,42,5,1,2,7|50,4,True,6
2021-07-30,35,49,9,1,2,35|90,1,True,3
2021-07-30,90,46,9,1,2,35|90,4,True,4
2021-08-10,7,42,70,1,5,7|23|29|53|71,1,True,1
2021-08-10,23,42,28,1,5,7|23|29|53|71,3,True,6
2021-08-10,29,41,42,2,5,7|23|29|53|71,2,False,
2021-08-10,53,28,42,2,5,7|23|29|53|71,3,True,6
2021-08-10,71,42,41,1,5,7|23|29|53|71,7,True,1
2021-08-13,32,36,45,1,2,32|44,1,True,1
2021-08-13,44,43,22,2,2,32|44,3,False,
2021-08-23,89,48,41,1,2,89|93,2,True,1
2021-08-23,93,41,48,1,2,89|93,3,True,3
2021-08-26,8,40,80,1,3,8|42|72,1,True,2
2021-08-26,42,37,7,1,3,8|42|72,3,False,
2021-08-26,72,40,59,1,3,8|42|72,6,True,1
2021-08-28,26,28,72,1,2,26|73,2,True,5
2021-08-28,73,48,28,1,2,26|73,1,True,7
2021-08-31,9,39,70,2,2,9|30,1,True,1
2021-08-31,30,39,3,1,2,9|30,3,True,7
2021-09-06,22,44,9,1,4,22|35|59|70,1,False,
2021-09-06,35,49,9,2,4,22|35|59|70,1,True,1
2021-09-06,59,44,72,1,4,22|35|59|70,2,True,2
2021-09-06,70,44,9,1,4,22|35|59|70,3,True,1
2021-09-08,44,43,70,1,2,44|92,3,False,
2021-09-08,92,43,68,1,2,44|92,6,False,
2021-09-12,7,42,53,1,3,7|23|73,1,True,6
2021-09-12,23,42,87,1,3,7|23|73,3,True,6
2021-09-12,73,48,87,1,3,7|23|73,1,False,
2021-09-15,29,41,42,1,2,29|71,2,True,1
2021-09-15,71,42,41,1,2,29|71,7,True,2
2021-09-18,63,38,22,1,3,63|97|100,5,True,4
2021-09-18,97,52,93,1,3,63|97|100,2,False,
2021-09-18,100,38,1,1,3,63|97|100,6,False,
2021-09-19,13,41,17,1,2,13|29,1,False,
2021-09-19,29,41,70,1,2,13|29,2,True,6
2021-09-23,53,28,9,1,2,53|84,3,True,5
2021-09-23,84,47,58,1,2,53|84,5,True,3
2021-09-28,8,40,80,1,2,8|67,1,True,1
2021-09-28,67,40,79,2,2,8|67,5,True,1
2021-10-01,28,43,23,1,2,28|44,2,True,3
2021-10-01,44,43,53,1,2,28|44,3,True,5
2021-10-02,29,41,22,1,3,29|35|63,2,True,5
2021-10-02,35,49,22,1,3,29|35|63,1,True,2
2021-10-02,63,38,22,1,3,29|35|63,5,True,2
2021-10-04,9,39,35,2,2,9|11,1,True,2
2021-10-04,11,35,69,1,2,9|11,2,True,7
2021-10-16,26,28,34,1,4,26|53|69|77,2,True,1
2021-10-16,53,28,29,1,4,26|53|69|77,3,True,6
2021-10-16,69,45,91,1,4,26|53|69|77,1,True,4
2021-10-16,77,32,28,1,4,26|53|69|77,1,True,6
2021-10-17,21,28,51,1,3,21|34|37,1,True,2
2021-10-17,34,51,26,1,3,21|34|37,1,True,5
2021-10-17,37,46,82,1,3,21|34|37,1,False,
2021-10-18,12,43,56,1,4,12|30|41|94,1,True,3
2021-10-18,30,39,3,1,4,12|30|41|94,3,False,
2021-10-18,41,39,56,1,4,12|30|41|94,4,True,3
2021-10-18,94,39,84,1,4,12|30|41|94,8,True,1
2021-10-28,51,40,21,1,2,51|87,3,True,5
2021-10-28,87,33,23,2,2,51|87,4,True,2
2021-10-29,12,43,71,2,2,12|91,1,False,
2021-10-29,91,44,69,1,2,12|91,5,True,1
2021-11-01,14,39,54,1,3,14|30|41,2,True,3
2021-11-01,30,39,3,1,3,14|30|41,3,True,3
2021-11-01,41,39,56,1,3,14|30|41,4,True,4
2021-11-11,22,44,29,1,2,22|70,1,True,3
2021-11-11,70,44,22,2,2,22|70,3,False,
2021-11-13,9,39,90,1,2,9|42,1,False,
2021-11-13,42,37,90,1,2,9|42,3,True,2
2021-11-27,42,37,22,1,3,42|44|72,3,True,2
2021-11-27,44,43,22,1,3,42|44|72,3,False,
2021-11-27,72,40,34,1,3,42|44|72,6,True,1
2021-12-06,9,39,7,1,2,9|41,1,True,1
2021-12-06,41,39,89,1,2,9|41,4,False,
2021-12-08,30,39,83,1,2,30|41,3,True,2
2021-12-08,41,39,12,1,2,30|41,4,False,
2021-12-13,42,37,90,1,2,42|72,3,False,
2021-12-13,72,40,26,1,2,42|72,6,True,7
2021-12-21,7,42,35,1,2,7|44,1,False,
2021-12-21,44,43,35,2,2,7|44,3,True,5
2021-12-23,67,40,79,1,2,67|77,5,True,3
2021-12-23,77,32,87,1,2,67|77,1,True,5
2022-01-06,1,34,10,1,2,1|76,1,True,2
2022-01-06,76,34,92,1,2,1|76,5,False,
2022-01-08,7,42,9,1,3,7|23|71,1,True,3
2022-01-08,23,42,77,1,3,7|23|71,3,True,3
2022-01-08,71,42,56,1,3,7|23|71,7,True,3
2022-01-21,42,37,35,1,3,42|44|54,3,True,1
2022-01-21,44,43,35,1,3,42|44|54,3,True,1
2022-01-21,54,35,14,1,3,42|44|54,4,True,4
2022-01-25,22,44,7,1,2,22|70,1,True,5
2022-01-25,70,44,7,1,2,22|70,3,True,4
2022-01-27,9,39,44,1,2,9|68,1,True,7
2022-01-27,68,47,76,2,2,9|68,3,True,5
2022-01-29,73,48,23,1,3,73|89|93,1,True,1
2022-01-29,89,48,12,2,3,73|89|93,2,True,5
2022-01-29,93,41,48,1,3,73|89|93,3,True,4
2022-02-02,73,48,23,1,2,73|89,1,False,
2022-02-02,89,48,71,1,2,73|89,2,True,1
2022-02-08,27,26,92,1,2,27|44,1,True,3
2022-02-08,44,43,22,2,2,27|44,3,True,5
2022-02-16,9,39,22,1,2,9|46,1,True,3
2022-02-16,46,39,86,1,2,9|46,5,True,7
2022-02-22,40,49,4,1,2,40|48,2,True,3
2022-02-22,48,36,93,1,2,40|48,2,True,3
2022-02-24,12,43,89,1,3,12|44|92,1,False,
2022-02-24,44,43,7,2,3,12|44|92,3,True,3
2022-02-24,92,43,27,1,3,12|44|92,6,False,
2022-02-25,13,41,17,1,4,13|56|89|93,1,True,4
2022-02-25,56,40,41,1,4,13|56|89|93,4,False,
2022-02-25,89,48,41,1,4,13|56|89|93,2,True,3
2022-02-25,93,41,48,1,4,13|56|89|93,3,True,1
2022-02-28,26,28,72,1,5,26|53|59|63|70,2,True,7
2022-02-28,53,28,22,2,5,26|53|59|63|70,3,True,1
2022-02-28,59,44,26,2,5,26|53|59|63|70,2,False,
2022-02-28,63,38,22,2,5,26|53|59|63|70,5,True,5
2022-02-28,70,44,22,1,5,26|53|59|63|70,3,True,1
2022-03-01,70,44,22,1,2,70|75,3,True,2
2022-03-01,75,44,62,1,2,70|75,4,False,
2022-03-03,44,43,7,1,2,44|81,3,True,2
2022-03-03,81,43,52,1,2,44|81,5,True,2
2022-03-05,22,44,7,1,4,22|70|74|90,1,True,4
2022-03-05,70,44,7,1,4,22|70|74|90,3,True,2
2022-03-05,74,46,31,1,4,22|70|74|90,3,False,
2022-03-05,90,46,7,2,4,22|70|74|90,4,True,5
2022-03-06,11,35,57,1,2,11|53,2,True,4
2022-03-06,53,28,35,1,2,11|53,3,False,
2022-03-11,22,44,7,1,2,22|70,1,True,3
2022-03-11,70,44,7,2,2,22|70,3,True,1
2022-03-14,41,39,71,1,2,41|82,4,True,3
2022-03-14,82,33,65,1,2,41|82,3,True,3
2022-03-16,39,33,78,1,2,39|56,2,False,
2022-03-16,56,40,89,1,2,39|56,4,True,5
2022-03-17,7,42,9,1,2,7|50,1,True,3
2022-03-17,50,42,5,1,2,7|50,4,False,
2022-03-22,21,28,51,1,2,21|96,1,True,2
2022-03-22,96,54,15,1,2,21|96,1,False,
2022-03-25,27,26,76,1,3,27|68|69,1,False,
2022-03-25,68,47,76,1,3,27|68|69,3,True,3
2022-03-25,69,45,57,1,3,27|68|69,1,True,7
2022-03-27,20,38,2,1,4,20|29|63|70,1,False,
2022-03-27,29,41,22,2,4,20|29|63|70,2,True,5
2022-03-27,63,38,22,2,4,20|29|63|70,5,False,
2022-03-27,70,44,22,1,4,20|29|63|70,3,False,
2022-03-28,44,43,53,1,2,44|90,3,True,1
2022-03-28,90,46,53,1,2,44|90,4,True,1
2022-03-31,22,44,90,1,5,22|29|70|89|93,1,True,5
2022-03-31,29,41,44,2,5,22|29|70|89|93,2,True,1
2022-03-31,70,44,90,1,5,22|29|70|89|93,3,True,4
2022-03-31,89,48,41,2,5,22|29|70|89|93,2,False,
2022-03-31,93,41,48,1,5,22|29|70|89|93,3,True,3
2022-04-04,89,48,41,1,2,89|93,2,True,5
2022-04-04,93,41,48,2,2,89|93,3,True,7
2022-04-06,29,41,7,1,3,29|89|93,2,True,2
2022-04-06,89,48,41,1,3,29|89|93,2,True,3
2022-04-06,93,41,48,1,3,29|89|93,3,True,5
2022-04-17,22,44,53,1,3,22|45|70,1,False,
2022-04-17,45,50,32,1,3,22|45|70,1,False,
2022-04-17,70,44,53,1,3,22|45|70,3,True,4
2022-04-22,7,42,29,1,3,7|50|73,1,False,
2022-04-22,50,42,5,1,3,7|50|73,4,False,
2022-04-22,73,48,23,1,3,7|50|73,1,False,
2022-04-23,58,46,84,1,2,58|90,2,True,1
2022-04-23,90,46,70,1,2,58|90,4,True,1
2022-04-24,7,42,90,1,2,7|84,1,False,
2022-04-24,84,47,58,1,2,7|84,5,True,4
2022-04-27,21,28,51,1,2,21|34,1,True,5
2022-04-27,34,51,26,1,2,21|34,1,True,6
2022-04-29,7,42,44,2,3,7|22|70,1,False,
2022-04-29,22,44,42,2,3,7|22|70,1,True,1
2022-04-29,70,44,42,1,3,7|22|70,3,True,4
2022-04-30,52,38,81,1,3,52|63|85,4,True,3
2022-04-30,63,38,29,1,3,52|63|85,5,True,2
2022-04-30,85,36,81,1,3,52|63|85,4,True,2
2022-05-04,77,32,28,1,2,77|83,1,True,7
2022-05-04,83,49,3,1,2,77|83,3,True,2
2022-05-06,35,49,22,2,2,35|44,1,False,
2022-05-06,44,43,22,2,2,35|44,3,True,3
2022-05-13,63,38,44,1,2,63|91,5,True,6
2022-05-13,91,44,69,1,2,63|91,5,True,1
2022-05-26,1,34,10,1,3,1|26|53,1,True,5
2022-05-26,26,28,34,1,3,1|26|53,2,True,1
2022-05-26,53,28,63,1,3,1|26|53,3,True,7
2022-05-27,6,35,60,1,3,6|86|90,1,True,1
2022-05-27,86,35,46,1,3,6|86|90,5,True,4
2022-05-27,90,46,35,1,3,6|86|90,4,True,2
2022-06-01,28,43,87,1,3,28|72|73,2,True,1
2022-06-01,72,40,34,1,3,28|72|73,6,True,1
2022-06-01,73,48,87,1,3,28|72|73,1,True,5
2022-06-02,26,28,72,1,2,26|53,2,False,
2022-06-02,53,28,90,1,2,26|53,3,True,3
2022-06-05,28,43,87,1,3,28|44|77,2,True,1
2022-06-05,44,43,22,1,3,28|44|77,3,False,
2022-06-05,77,32,87,1,3,28|44|77,1,False,
2022-06-07,35,49,53,1,2,35|42,1,False,
2022-06-07,42,37,53,1,2,35|42,3,True,1
2022-06-16,35,49,22,2,4,35|63|70|91,1,True,1
2022-06-16,63,38,22,2,4,35|63|70|91,5,False,
2022-06-16,70,44,22,1,4,35|63|70|91,3,True,1
2022-06-16,91,44,57,1,4,35|63|70|91,5,True,1
2022-06-30,63,38,22,1,2,63|79,5,True,3
2022-06-30,79,47,67,2,2,63|79,4,True,4
2022-07-03,42,37,29,2,2,42|53,3,True,5
2022-07-03,53,28,29,2,2,42|53,3,False,
2022-07-05,51,40,21,1,2,51|67,3,True,2
2022-07-05,67,40,79,1,2,51|67,5,False,
2022-07-06,10,37,1,1,2,10|42,2,True,7
2022-07-06,42,37,7,2,2,10|42,3,True,2
2022-07-13,10,37,1,1,2,10|42,2,False,
2022-07-13,42,37,63,1,2,10|42,3,True,5
2022-07-15,22,44,7,2,2,22|70,1,True,5
2022-07-15,70,44,7,2,2,22|70,3,True,5
2022-07-23,41,39,56,1,2,41|62,4,True,1
2022-07-23,62,39,75,1,2,41|62,6,True,7
2022-07-28,7,42,29,1,5,7|9|23|50|53,1,True,3
2022-07-28,9,39,29,2,5,7|9|23|50|53,1,True,2
2022-07-28,23,42,28,1,5,7|9|23|50|53,3,True,1
2022-07-28,50,42,5,1,5,7|9|23|50|53,4,True,5
2022-07-28,53,28,29,2,5,7|9|23|50|53,3,True,2
2022-08-03,42,37,35,1,2,42|65,3,True,1
2022-08-03,65,52,37,1,2,42|65,1,True,1
2022-08-17,7,42,63,1,2,7|79,1,True,2
2022-08-17,79,47,88,1,2,7|79,4,True,6
2022-08-23,5,37,50,1,2,5|42,1,False,
2022-08-23,42,37,22,2,2,5|42,3,True,5
2022-08-25,22,44,90,1,2,22|70,1,True,3
2022-08-25,70,44,90,1,2,22|70,3,False,
2022-08-28,7,42,29,1,5,7|29|71|89|93,1,True,3
2022-08-28,29,41,7,2,5,7|29|71|89|93,2,False,
2022-08-28,71,42,41,1,5,7|29|71|89|93,7,True,1
2022-08-28,89,48,41,1,5,7|29|71|89|93,2,True,7
2022-08-28,93,41,48,1,5,7|29|71|89|93,3,True,5
2022-08-30,9,39,44,1,3,9|25|42,1,True,7
2022-08-30,25,30,16,1,3,9|25|42,1,True,3
2022-08-30,42,37,44,1,3,9|25|42,3,True,1
2022-09-02,22,44,63,1,3,22|35|70,1,True,1
2022-09-02,35,49,44,2,3,22|35|70,1,True,4
2022-09-02,70,44,63,1,3,22|35|70,3,False,
2022-09-08,23,42,28,1,2,23|53,3,False,
2022-09-08,53,28,42,1,2,23|53,3,True,1
2022-09-09,14,39,54,1,2,14|94,2,True,7
2022-09-09,94,39,84,1,2,14|94,8,True,5
2022-09-10,89,48,41,1,2,89|93,2,True,6
2022-09-10,93,41,48,1,2,89|93,3,True,1
2022-09-15,7,42,29,1,3,7|23|53,1,True,2
2022-09-15,23,42,28,1,3,7|23|53,3,True,2
2022-09-15,53,28,29,2,3,7|23|53,3,True,5
2022-09-17,52,38,85,1,2,52|63,4,False,
2022-09-17,63,38,7,1,2,52|63,5,True,3
2022-09-22,67,40,88,1,2,67|89,5,True,5
2022-09-22,89,48,56,1,2,67|89,2,True,6
2022-09-27,12,43,71,1,3,12|28|92,1,True,1
2022-09-27,28,43,73,1,3,12|28|92,2,True,1
2022-09-27,92,43,27,1,3,12|28|92,6,True,3
2022-10-09,9,39,29,1,2,9|48,1,True,3
2022-10-09,48,36,97,1,2,9|48,2,True,4
2022-10-11,9,39,42,1,3,9|41|71,1,True,1
2022-10-11,41,39,56,1,3,9|41|71,4,True,4
2022-10-11,71,42,56,1,3,9|41|71,7,True,7
2022-10-12,63,38,9,2,2,63|100,5,True,4
2022-10-12,100,38,10,1,2,63|100,6,False,
2022-10-14,65,52,37,1,4,65|82|87|97,1,True,5
2022-10-14,82,33,37,1,4,65|82|87|97,3,True,2
2022-10-14,87,33,77,1,4,65|82|87|97,4,True,4
2022-10-14,97,52,93,1,4,65|82|87|97,2,True,1
2022-10-16,28,43,77,1,2,28|44,2,True,1
2022-10-16,44,43,63,1,2,28|44,3,False,
2022-10-26,44,43,29,1,2,44|69,3,True,3
2022-10-26,69,45,11,1,2,44|69,1,True,1
2022-10-27,23,42,73,1,4,23|71|89|90,3,True,3
2022-10-27,71,42,56,1,4,23|71|89|90,7,False,
2022-10-27,89,48,56,2,4,23|71|89|90,2,True,2
2022-10-27,90,46,42,1,4,23|71|89|90,4,True,3
2022-10-29,63,38,44,1,2,63|75,5,True,7
2022-10-29,75,44,62,1,2,63|75,4,True,3
2022-10-30,80,45,8,1,2,80|84,2,True,7
2022-10-30,84,47,94,1,2,80|84,5,False,
2022-11-02,20,38,2,1,2,20|63,1,True,4
2022-11-02,63,38,22,1,2,20|63,5,True,3
2022-11-03,29,41,22,1,2,29|79,2,False,
2022-11-03,79,47,67,1,2,29|79,4,True,1
2022-11-20,35,49,7,1,2,35|44,1,False,
2022-11-20,44,43,7,1,2,35|44,3,False,
2022-11-28,9,39,70,1,2,9|41,1,True,2
2022-11-28,41,39,56,1,2,9|41,4,True,7
2022-11-30,22,44,9,1,2,22|70,1,False,
2022-11-30,70,44,9,1,2,22|70,3,True,6
2022-12-03,3,31,30,1,2,3|83,1,True,2
2022-12-03,83,49,30,1,2,3|83,3,True,2
2022-12-07,3,31,83,1,2,3|7,1,False,
2022-12-07,7,42,70,1,2,3|7,1,True,6
2022-12-11,9,39,44,1,2,9|32,1,True,2
2022-12-11,32,36,45,1,2,9|32,1,True,3
2022-12-22,7,42,22,2,3,7|22|70,1,True,2
2022-12-22,22,44,42,1,3,7|22|70,1,True,1
2022-12-22,70,44,22,2,3,7|22|70,3,True,1
2022-12-28,7,42,53,1,2,7|23,1,True,1
2022-12-28,23,42,77,1,2,7|23,3,False,
2023-01-05,10,37,1,1,2,10|65,2,True,4
2023-01-05,65,52,37,1,2,10|65,1,True,7
2023-01-07,35,49,7,1,3,35|42|63,1,True,3
2023-01-07,42,37,7,1,3,35|42|63,3,True,1
2023-01-07,63,38,7,1,3,35|42|63,5,True,3
2023-01-08,7,42,53,1,2,7|77,1,True,2
2023-01-08,77,32,23,1,2,7|77,1,True,3
2023-01-10,15,29,96,1,2,15|44,1,True,1
2023-01-10,44,43,29,1,2,15|44,3,True,1
2023-01-11,42,37,44,1,3,42|59|76,3,True,1
2023-01-11,59,44,34,1,3,42|59|76,2,True,3
2023-01-11,76,34,27,1,3,42|59|76,5,True,7
2023-01-12,7,42,90,1,2,7|84,1,True,5
2023-01-12,84,47,94,1,2,7|84,5,True,1
2023-01-14,44,43,9,1,3,44|53|63,3,False,
2023-01-14,53,28,9,1,3,44|53|63,3,False,
2023-01-14,63,38,9,1,3,44|53|63,5,True,1
2023-01-22,48,36,93,1,3,48|85|97,2,False,
2023-01-22,85,36,52,1,3,48|85|97,4,True,1
2023-01-22,97,52,93,1,3,48|85|97,2,True,2
2023-01-25,81,43,85,1,2,81|82,5,True,1
2023-01-25,82,33,65,1,2,81|82,3,True,2
2023-01-29,53,28,7,1,2,53|97,3,False,
2023-01-29,97,52,93,1,2,53|97,2,True,7
2023-02-02,45,50,32,1,3,45|58|94,1,False,
2023-02-02,58,46,84,1,3,45|58|94,2,True,2
2023-02-02,94,39,84,1,3,45|58|94,8,True,2
2023-02-08,9,39,70,1,3,9|27|72,1,True,1
2023-02-08,27,26,68,1,3,9|27|72,1,True,6
2023-02-08,72,40,26,1,3,9|27|72,6,True,1
2023-02-11,31,38,74,1,2,31|83,2,True,2
2023-02-11,83,49,3,1,2,31|83,3,True,1
2023-02-14,22,44,53,1,2,22|70,1,True,2
2023-02-14,70,44,53,1,2,22|70,3,True,1
2023-02-24,22,44,90,1,3,22|70|75,1,True,4
2023-02-24,70,44,90,1,3,22|70|75,3,True,1
2023-02-24,75,44,62,1,3,22|70|75,4,False,
2023-02-26,44,43,42,1,3,44|71|92,3,False,
2023-02-26,71,42,12,1,3,44|71|92,7,False,
2023-02-26,92,43,68,1,3,44|71|92,6,True,7
2023-03-03,7,42,53,1,2,7|72,1,True,6
2023-03-03,72,40,34,1,2,7|72,6,False,
2023-03-07,27,26,76,1,2,27|92,1,True,3
2023-03-07,92,43,76,1,2,27|92,6,True,7
2023-03-08,74,46,31,1,2,74|90,3,True,2
2023-03-08,90,46,22,2,2,74|90,4,True,1
2023-03-16,27,26,68,1,3,27|68|79,1,True,3
2023-03-16,68,47,27,1,3,27|68|79,3,True,7
2023-03-16,79,47,67,1,3,27|68|79,4,True,2
2023-03-19,22,44,29,1,2,22|70,1,True,3
2023-03-19,70,44,29,1,2,22|70,3,True,6
2023-03-22,12,43,41,1,3,12|29|44,1,True,4
2023-03-22,29,41,22,2,3,12|29|44,2,False,
2023-03-22,44,43,22,2,3,12|29|44,3,True,5
2023-04-01,9,39,35,1,4,9|41|46|86,1,True,7
2023-04-01,41,39,56,1,4,9|41|46|86,4,True,2
2023-04-01,46,39,19,1,4,9|41|46|86,5,False,
2023-04-01,86,35,19,1,4,9|41|46|86,5,True,4
2023-04-09,27,26,68,1,2,27|92,1,True,2
2023-04-09,92,43,68,1,2,27|92,6,True,7
2023-04-12,29,41,22,1,2,29|35,2,True,4
2023-04-12,35,49,22,1,2,29|35,1,True,3
2023-04-13,7,42,9,2,2,7|71,1,True,2
2023-04-13,71,42,56,1,2,7|71,7,True,6
2023-04-20,17,34,13,1,2,17|83,2,False,
2023-04-20,83,49,30,1,2,17|83,3,False,
2023-04-21,10,37,1,1,2,10|34,2,False,
2023-04-21,34,51,59,1,2,10|34,1,True,3
2023-05-03,9,39,53,1,2,9|46,1,True,3
2023-05-03,46,39,19,1,2,9|46,5,False,
2023-05-04,28,43,73,1,2,28|92,2,True,6
2023-05-04,92,43,68,1,2,28|92,6,True,1
2023-05-06,25,30,16,1,3,25|44|92,1,True,7
2023-05-06,44,43,9,1,3,25|44|92,3,True,1
2023-05-06,92,43,27,1,3,25|44|92,6,True,2
2023-05-07,7,42,63,1,3,7|9|94,1,False,
2023-05-07,9,39,42,2,3,7|9|94,1,True,7
2023-05-07,94,39,84,1,3,7|9|94,8,False,
2023-05-09,31,38,74,1,2,31|63,2,True,2
2023-05-09,63,38,29,1,2,31|63,5,True,6
2023-05-15,9,39,63,1,3,9|41|46,1,True,4
2023-05-15,41,39,89,1,3,9|41|46,4,True,4
2023-05-15,46,39,86,1,3,9|41|46,5,True,1
2023-05-21,22,44,7,2,2,22|70,1,True,4
2023-05-21,70,44,7,3,2,22|70,3,False,
2023-05-24,2,33,20,1,3,2|68|87,1,False,
2023-05-24,68,47,76,1,3,2|68|87,3,True,1
2023-05-24,87,33,23,1,3,2|68|87,4,True,2
2023-05-29,7,42,90,1,3,7|29|71,1,True,5
2023-05-29,29,41,42,2,3,7|29|71,2,True,5
2023-05-29,71,42,41,1,3,7|29|71,7,True,3
2023-05-30,3,31,30,1,2,3|57,1,False,
2023-05-30,57,30,11,1,2,3|57,2,True,5
2023-06-03,9,39,7,1,3,9|30|44,1,True,1
2023-06-03,30,39,83,1,3,9|30|44,3,False,
2023-06-03,44,43,7,1,3,9|30|44,3,True,7
2023-06-06,56,40,12,1,4,56|67|72|89,4,False,
2023-06-06,67,40,88,1,4,56|67|72|89,5,True,3
2023-06-06,72,40,59,1,4,56|67|72|89,6,True,2
2023-06-06,89,48,12,1,4,56|67|72|89,2,True,5
2023-06-10,22,44,9,1,3,22|59|70,1,True,3
2023-06-10,59,44,34,1,3,22|59|70,2,True,3
2023-06-10,70,44,9,1,3,22|59|70,3,True,1
2023-06-17,9,39,35,1,4,9|14|86|90,1,True,1
2023-06-17,14,39,54,1,4,9|14|86|90,2,True,2
2023-06-17,86,35,46,1,4,9|14|86|90,5,True,5
2023-06-17,90,46,9,2,4,9|14|86|90,4,True,1
2023-06-19,28,43,73,1,2,28|44,2,True,7
2023-06-19,44,43,70,1,2,28|44,3,True,7
2023-06-23,28,43,87,1,3,28|44|63,2,True,3
2023-06-23,44,43,9,1,3,28|44|63,3,True,3
2023-06-23,63,38,9,1,3,28|44|63,5,True,7
2023-06-26,20,38,2,1,3,20|68|79,1,True,3
2023-06-26,68,47,76,1,3,20|68|79,3,True,2
2023-06-26,79,47,67,1,3,20|68|79,4,True,3
2023-06-29,9,39,7,1,2,9|94,1,False,
2023-06-29,94,39,84,1,2,9|94,8,True,1
2023-06-30,26,28,59,2,3,26|53|87,2,True,5
2023-06-30,53,28,7,1,3,26|53|87,3,True,4
2023-06-30,87,33,28,1,3,26|53|87,4,True,6
2023-07-07,9,39,63,1,2,9|30,1,True,3
2023-07-07,30,39,3,1,2,9|30,3,True,5
2023-07-08,53,28,44,1,2,53|77,3,False,
2023-07-08,77,32,28,1,2,53|77,1,False,
2023-07-16,22,44,9,1,2,22|70,1,True,4
2023-07-16,70,44,9,2,2,22|70,3,True,2
2023-07-18,29,41,63,1,2,29|56,2,False,
2023-07-18,56,40,41,1,2,29|56,4,True,6
2023-07-20,65,52,37,1,2,65|97,1,False,
2023-07-20,97,52,93,1,2,65|97,2,False,
2023-07-24,29,41,42,1,3,29|63|71,2,False,
2023-07-24,63,38,42,1,3,29|63|71,5,False,
2023-07-24,71,42,41,2,3,29|63|71,7,True,5
2023-07-25,26,28,59,1,2,26|77,2,True,7
2023-07-25,77,32,28,1,2,26|77,1,False,
2023-07-30,42,37,22,2,2,42|63,3,True,3
2023-07-30,63,38,22,2,2,42|63,5,True,6
2023-08-03,37,46,65,1,2,37|74,1,True,4
2023-08-03,74,46,31,1,2,37|74,3,True,2
2023-08-14,82,33,37,1,2,82|87,3,True,1
2023-08-14,87,33,73,1,2,82|87,4,True,3
2023-08-18,22,44,9,1,2,22|70,1,True,3
2023-08-18,70,44,9,1,2,22|70,3,False,
2023-08-21,79,47,67,1,2,79|90,4,True,3
2023-08-21,90,46,22,1,2,79|90,4,False,
2023-08-27,79,47,67,1,2,79|84,4,True,2
2023-08-27,84,47,58,1,2,79|84,5,True,4
2023-08-29,26,28,59,1,2,26|53,2,True,6
2023-08-29,53,28,7,2,2,26|53,3,True,2
2023-09-04,7,42,35,1,3,7|9|35,1,True,4
2023-09-04,9,39,35,2,3,7|9|35,1,True,1
2023-09-04,35,49,42,1,3,7|9|35,1,False,
2023-09-06,12,43,41,1,3,12|68|92,1,True,1
2023-09-06,68,47,76,1,3,12|68|92,3,True,2
2023-09-06,92,43,76,1,3,12|68|92,6,True,1
2023-09-12,1,34,10,1,3,1|7|71,1,False,
2023-09-12,7,42,53,1,3,1|7|71,1,False,
2023-09-12,71,42,56,1,3,1|7|71,7,True,3
2023-09-13,53,28,90,1,2,53|87,3,True,4
2023-09-13,87,33,28,1,2,53|87,4,True,3
2023-09-14,76,34,68,2,2,76|85,5,True,4
2023-09-14,85,36,81,1,2,76|85,4,False,
2023-09-16,27,26,92,1,2,27|68,1,True,7
2023-09-16,68,47,92,1,2,27|68,3,False,
2023-09-22,4,47,40,1,2,4|35,1,True,3
2023-09-22,35,49,63,1,2,4|35,1,False,
2023-09-25,10,37,1,1,2,10|65,2,True,1
2023-09-25,65,52,37,2,2,10|65,1,True,1
2023-09-27,5,37,50,1,3,5|42|85,1,True,3
2023-09-27,42,37,53,1,3,5|42|85,3,True,3
2023-09-27,85,36,81,1,3,5|42|85,4,True,1
2023-09-30,17,34,13,1,2,17|85,2,True,1
2023-09-30,85,36,52,1,2,17|85,4,True,3
2023-10-01,59,44,72,1,2,59|63,2,True,5
2023-10-01,63,38,44,1,2,59|63,5,True,5
2023-10-08,59,44,72,1,2,59|90,2,True,5
2023-10-08,90,46,44,1,2,59|90,4,False,
2023-10-10,22,44,7,1,3,22|59|70,1,False,
2023-10-10,59,44,26,2,3,22|59|70,2,True,3
2023-10-10,70,44,7,1,3,22|59|70,3,False,
2023-10-13,11,35,57,1,3,11|69|80,2,True,2
2023-10-13,69,45,57,1,3,11|69|80,1,False,
2023-10-13,80,45,8,1,3,11|69|80,2,True,3
2023-10-14,22,44,29,1,3,22|35|70,1,False,
2023-10-14,35,49,29,2,3,22|35|70,1,True,3
2023-10-14,70,44,29,1,3,22|35|70,3,False,
2023-10-16,12,43,89,1,4,12|25|44|92,1,True,4
2023-10-16,25,30,16,1,4,12|25|44|92,1,True,2
2023-10-16,44,43,9,1,4,12|25|44|92,3,True,7
2023-10-16,92,43,27,1,4,12|25|44|92,6,True,2
2023-10-18,9,39,53,1,2,9|90,1,True,5
2023-10-18,90,46,53,1,2,9|90,4,True,1
2023-10-21,15,29,96,1,2,15|79,1,True,6
2023-10-21,79,47,67,1,2,15|79,4,True,1
2023-10-22,28,43,73,1,3,28|44|92,2,True,2
2023-10-22,44,43,90,1,3,28|44|92,3,True,1
2023-10-22,92,43,68,1,3,28|44|92,6,True,2
2023-10-24,42,37,44,1,2,42|59,3,True,6
2023-10-24,59,44,26,1,2,42|59,2,False,
2023-10-26,29,41,7,2,2,29|56,2,True,1
2023-10-26,56,40,41,2,2,29|56,4,True,3
2023-11-01,7,42,63,1,2,7|71,1,True,2
2023-11-01,71,42,12,1,2,7|71,7,True,1
2023-11-06,13,41,17,1,2,13|77,1,True,1
2023-11-06,77,32,23,1,2,13|77,1,True,4
2023-11-10,22,44,63,1,2,22|70,1,True,2
2023-11-10,70,44,63,1,2,22|70,3,True,5
2023-11-16,9,39,29,2,2,9|94,1,False,
2023-11-16,94,39,84,1,2,9|94,8,True,4
2023-11-17,30,39,3,1,3,30|41|46,3,True,3
2023-11-17,41,39,89,1,3,30|41|46,4,True,4
2023-11-17,46,39,86,1,3,30|41|46,5,True,5
2023-11-25,9,39,53,1,2,9|94,1,True,2
2023-11-25,94,39,58,1,2,9|94,8,False,
2023-11-27,44,43,7,1,2,44|92,3,True,5
2023-11-27,92,43,68,1,2,44|92,6,True,7
2023-11-29,37,46,82,1,2,37|58,1,True,5
2023-11-29,58,46,84,1,2,37|58,2,True,3
2023-12-03,59,44,72,1,2,59|87,2,True,5
2023-12-03,87,33,73,1,2,59|87,4,True,5
2023-12-13,16,27,25,1,3,16|29|34,1,True,1
2023-12-13,29,41,70,1,3,16|29|34,2,True,2
2023-12-13,34,51,26,1,3,16|29|34,1,True,4
2023-12-15,35,49,29,1,3,35|40|44,1,True,1
2023-12-15,40,49,4,1,3,35|40|44,2,True,1
2023-12-15,44,43,29,1,3,35|40|44,3,True,5
2023-12-19,7,42,29,1,2,7|90,1,True,3
2023-12-19,90,46,29,2,2,7|90,4,False,
2023-12-20,22,44,70,1,3,22|75|91,1,False,
2023-12-20,75,44,62,1,3,22|75|91,4,True,3
2023-12-20,91,44,69,1,3,22|75|91,5,True,2
2023-12-22,22,44,7,1,4,22|70|75|91,1,True,7
2023-12-22,70,44,7,1,4,22|70|75|91,3,True,5
2023-12-22,75,44,62,1,4,22|70|75|91,4,True,1
2023-12-22,91,44,11,1,4,22|70|75|91,5,True,2
2023-12-28,20,38,2,1,3,20|52|63,1,True,3
2023-12-28,52,38,85,1,3,20|52|63,4,True,4
2023-12-28,63,38,35,2,3,20|52|63,5,False,
2024-01-02,42,37,44,1,2,42|77,3,True,4
2024-01-02,77,32,87,1,2,42|77,1,True,6
2024-01-05,53,28,22,2,3,53|82|87,3,True,2
2024-01-05,82,33,65,1,3,53|82|87,3,True,1
2024-01-05,87,33,28,1,3,53|82|87,4,True,2
2024-01-06,29,41,42,1,2,29|71,2,True,1
2024-01-06,71,42,41,1,2,29|71,7,True,2
2024-01-07,22,44,53,1,2,22|70,1,True,1
2024-01-07,70,44,22,2,2,22|70,3,True,4
2024-01-08,37,46,82,1,2,37|77,1,True,2
2024-01-08,77,32,73,1,2,37|77,1,True,7
2024-01-12,23,42,87,1,2,23|71,3,True,6
2024-01-12,71,42,89,1,2,23|71,7,True,1
2024-01-13,68,47,76,1,2,68|84,3,False,
2024-01-13,84,47,94,1,2,68|84,5,True,1
2024-01-14,22,44,29,1,3,22|70|91,1,True,2
2024-01-14,70,44,29,1,3,22|70|91,3,True,4
2024-01-14,91,44,69,1,3,22|70|91,5,True,1
2024-01-16,69,45,57,1,2,69|81,1,True,4
2024-01-16,81,43,85,1,2,69|81,5,True,6
2024-01-17,28,43,73,1,4,28|35|44|53,2,True,7
2024-01-17,35,49,90,1,4,28|35|44|53,1,True,4
2024-01-17,44,43,90,1,4,28|35|44|53,3,False,
2024-01-17,53,28,90,1,4,28|35|44|53,3,True,5
2024-01-19,37,46,82,1,2,37|65,1,True,3
2024-01-19,65,52,82,1,2,37|65,1,True,5
2024-01-21,54,35,14,1,2,54|86,4,True,2
2024-01-21,86,35,19,1,2,54|86,5,True,3
2024-01-27,7,42,53,1,3,7|23|53,1,True,1
2024-01-27,23,42,28,1,3,7|23|53,3,False,
2024-01-27,53,28,42,1,3,7|23|53,3,True,4
2024-01-31,9,39,53,2,2,9|29,1,True,1
2024-01-31,29,41,53,2,2,9|29,2,True,1
2024-02-03,22,44,29,2,3,22|42|70,1,True,5
2024-02-03,42,37,22,4,3,22|42|70,3,True,6
2024-02-03,70,44,22,2,3,22|42|70,3,True,1
2024-02-06,42,37,70,1,2,42|63,3,True,3
2024-02-06,63,38,70,1,2,42|63,5,False,
2024-02-07,68,47,76,1,2,68|79,3,True,3
2024-02-07,79,47,67,1,2,68|79,4,True,1
2024-02-19,2,33,20,1,4,2|23|53|87,1,False,
2024-02-19,23,42,28,1,4,2|23|53|87,3,True,7
2024-02-19,53,28,42,1,4,2|23|53|87,3,False,
2024-02-19,87,33,28,1,4,2|23|53|87,4,True,3
2024-02-20,9,39,22,1,2,9|53,1,True,1
2024-02-20,53,28,22,1,2,9|53,3,False,
2024-02-28,22,44,63,2,3,22|59|70,1,True,4
2024-02-28,59,44,26,1,3,22|59|70,2,True,7
2024-02-28,70,44,63,1,3,22|59|70,3,True,2
2024-03-03,44,43,22,2,2,44|92,3,True,4
2024-03-03,92,43,27,1,2,44|92,6,True,2
2024-03-12,21,28,51,1,4,21|26|27|34,1,True,7
2024-03-12,26,28,59,1,4,21|26|27|34,2,True,2
2024-03-12,27,26,68,1,4,21|26|27|34,1,True,2
2024-03-12,34,51,26,2,4,21|26|27|34,1,True,3
2024-03-18,28,43,77,1,2,28|79,2,True,3
2024-03-18,79,47,88,1,2,28|79,4,True,2
2024-03-22,35,49,29,1,2,35|42,1,True,1
2024-03-22,42,37,29,1,2,35|42,3,True,1
2024-04-05,20,38,2,1,3,20|63|90,1,True,6
2024-04-05,63,38,70,1,3,20|63|90,5,True,1
2024-04-05,90,46,70,1,3,20|63|90,4,True,4
2024-04-07,53,28,7,2,2,53|87,3,True,7
2024-04-07,87,33,28,1,2,53|87,4,True,5
2024-04-27,44,43,9,1,3,44|74|90,3,False,
2024-04-27,74,46,31,1,3,44|74|90,3,True,6
2024-04-27,90,46,9,1,3,44|74|90,4,True,5
2024-04-28,80,45,8,1,2,80|87,2,True,1
2024-04-28,87,33,73,1,2,80|87,4,True,6
2024-04-29,57,30,91,1,2,57|83,2,True,6
2024-04-29,83,49,30,1,2,57|83,3,True,4
2024-05-01,56,40,89,1,3,56|63|72,4,False,
2024-05-01,63,38,7,1,3,56|63|72,5,True,5
2024-05-01,72,40,34,1,3,56|63|72,6,False,
2024-05-06,29,41,53,2,2,29|63,2,True,1
2024-05-06,63,38,53,1,2,29|63,5,True,7
2024-05-10,41,39,89,1,2,41|94,4,True,3
2024-05-10,94,39,84,1,2,41|94,8,True,3
2024-05-13,11,35,57,1,2,11|27,2,True,5
2024-05-13,27,26,76,1,2,11|27,1,True,2
2024-05-14,7,42,29,2,3,7|29|71,1,True,5
2024-05-14,29,41,35,2,3,7|29|71,2,True,2
2024-05-14,71,42,41,1,3,7|29|71,7,True,2
2024-05-16,9,39,22,1,2,9|94,1,True,6
2024-05-16,94,39,58,1,2,9|94,8,True,6
2024-05-22,22,44,9,1,3,22|44|70,1,False,
2024-05-22,44,43,9,1,3,22|44|70,3,True,1
2024-05-22,70,44,9,1,3,22|44|70,3,True,5
2024-05-23,7,42,35,1,2,7|71,1,True,1
2024-05-23,71,42,12,1,2,7|71,7,False,
2024-05-26,7,42,44,1,4,7|22|70|71,1,True,5
2024-05-26,22,44,42,1,4,7|22|70|71,1,True,6
2024-05-26,70,44,42,1,4,7|22|70|71,3,True,1
2024-05-26,71,42,89,1,4,7|22|70|71,7,False,
2024-05-31,77,32,23,1,2,77|87,1,True,4
2024-05-31,87,33,23,1,2,77|87,4,True,3
2024-06-14,73,48,28,1,2,73|77,1,True,1
2024-06-14,77,32,28,1,2,73|77,1,False,
2024-06-16,30,39,3,1,3,30|41|83,3,True,2
2024-06-16,41,39,56,1,3,30|41|83,4,True,3
2024-06-16,83,49,3,1,3,30|41|83,3,True,2
2024-06-17,22,44,53,1,3,22|42|70,1,True,2
2024-06-17,42,37,22,3,3,22|42|70,3,True,1
2024-06-17,70,44,22,2,3,22|42|70,3,False,
2024-06-21,19,40,46,1,2,19|56,2,True,3
2024-06-21,56,40,12,1,2,19|56,4,True,1
2024-07-01,9,39,7,2,2,9|94,1,False,
2024-07-01,94,39,58,1,2,9|94,8,False,
2024-07-02,23,42,77,1,2,23|71,3,True,4
2024-07-02,71,42,56,1,2,23|71,7,True,1
2024-07-09,88,31,79,1,3,88|89|93,3,False,
2024-07-09,89,48,41,1,3,88|89|93,2,True,7
2024-07-09,93,41,48,1,3,88|89|93,3,True,2
2024-07-11,7,42,63,1,2,7|50,1,True,6
2024-07-11,50,42,5,1,2,7|50,4,True,3
2024-07-15,22,44,53,1,2,22|70,1,True,2
2024-07-15,70,44,53,1,2,22|70,3,True,4
2024-07-20,22,44,35,1,3,22|59|70,1,True,1
2024-07-20,59,44,26,1,3,22|59|70,2,True,4
2024-07-20,70,44,35,1,3,22|59|70,3,True,5
2024-07-24,27,26,76,1,2,27|72,1,False,
2024-07-24,72,40,26,2,2,27|72,6,False,
2024-08-02,72,40,34,1,2,72|87,6,True,3
2024-08-02,87,33,73,1,2,72|87,4,True,6
2024-08-05,11,35,57,1,7,11|22|44|69|70|80|91,2,True,4
2024-08-05,22,44,35,1,7,11|22|44|69|70|80|91,1,False,
2024-08-05,44,43,35,1,7,11|22|44|69|70|80|91,3,True,1
2024-08-05,69,45,57,1,7,11|22|44|69|70|80|91,1,False,
2024-08-05,70,44,35,1,7,11|22|44|69|70|80|91,3,True,2
2024-08-05,80,45,8,1,7,11|22|44|69|70|80|91,2,False,
2024-08-05,91,44,57,1,7,11|22|44|69|70|80|91,5,True,7
2024-08-07,22,44,7,1,2,22|70,1,False,
2024-08-07,70,44,7,1,2,22|70,3,True,7
2024-08-09,7,42,29,1,2,7|15,1,True,1
2024-08-09,15,29,96,1,2,7|15,1,False,
2024-08-22,31,38,74,1,3,31|63|100,2,True,2
2024-08-22,63,38,22,1,3,31|63|100,5,False,
2024-08-22,100,38,1,1,3,31|63|100,6,False,
2024-08-29,10,37,1,1,2,10|42,2,True,3
2024-08-29,42,37,7,1,2,10|42,3,True,2
2024-09-09,9,39,63,1,2,9|94,1,True,1
2024-09-09,94,39,84,1,2,9|94,8,True,7
2024-09-11,22,44,53,1,4,22|59|63|70,1,True,2
2024-09-11,59,44,34,1,4,22|59|63|70,2,True,4
2024-09-11,63,38,44,2,4,22|59|63|70,5,True,5
2024-09-11,70,44,53,1,4,22|59|63|70,3,False,
2024-09-12,53,28,35,1,4,53|54|86|90,3,True,5
2024-09-12,54,35,14,1,4,53|54|86|90,4,True,4
2024-09-12,86,35,46,1,4,53|54|86|90,5,True,1
2024-09-12,90,46,35,1,4,53|54|86|90,4,True,2
2024-09-13,19,40,86,1,4,19|29|56|67,2,True,1
2024-09-13,29,41,35,1,4,19|29|56|67,2,True,5
2024-09-13,56,40,41,2,4,19|29|56|67,4,False,
2024-09-13,67,40,79,1,4,19|29|56|67,5,True,3
2024-09-17,23,42,77,1,2,23|65,3,True,3
2024-09-17,65,52,82,1,2,23|65,1,True,6
2024-09-20,7,42,44,1,7,7|9|22|46|59|63|70,1,False,
2024-09-20,9,39,42,2,7,7|9|22|46|59|63|70,1,False,
2024-09-20,22,44,42,1,7,7|9|22|46|59|63|70,1,True,3
2024-09-20,46,39,19,1,7,7|9|22|46|59|63|70,5,True,5
2024-09-20,59,44,72,1,7,7|9|22|46|59|63|70,2,True,1
2024-09-20,63,38,42,2,7,7|9|22|46|59|63|70,5,False,
2024-09-20,70,44,42,1,7,7|9|22|46|59|63|70,3,False,
2024-09-22,60,43,6,1,2,60|91,4,False,
2024-09-22,91,44,69,1,2,60|91,5,False,
2024-09-30,86,35,46,1,2,86|90,5,True,4
2024-09-30,90,46,22,3,2,86|90,4,True,5
2024-10-01,72,40,26,1,2,72|77,6,True,2
2024-10-01,77,32,28,1,2,72|77,1,True,3
2024-10-05,9,39,90,1,3,9|14|69,1,True,2
2024-10-05,14,39,54,1,3,9|14|69,2,True,7
2024-10-05,69,45,11,1,3,9|14|69,1,True,2
2024-10-08,7,42,90,1,3,7|9|30,1,True,2
2024-10-08,9,39,42,2,3,7|9|30,1,True,1
2024-10-08,30,39,83,1,3,7|9|30,3,True,3
2024-10-10,37,46,65,1,2,37|90,1,True,7
2024-10-10,90,46,7,2,2,37|90,4,True,3
2024-10-16,12,43,71,1,3,12|44|89,1,True,7
2024-10-16,44,43,29,1,3,12|44|89,3,False,
2024-10-16,89,48,71,1,3,12|44|89,2,False,
2024-10-19,8,40,80,1,2,8|56,1,True,2
2024-10-19,56,40,71,1,2,8|56,4,False,
2024-10-23,42,37,22,2,2,42|73,3,False,
2024-10-23,73,48,87,1,2,42|73,1,True,3
2024-10-30,22,44,63,1,2,22|70,1,False,
2024-10-30,70,44,63,1,2,22|70,3,True,4
2024-11-03,73,48,87,1,2,73|90,1,True,1
2024-11-03,90,46,70,1,2,73|90,4,True,1
2024-11-06,21,28,51,1,4,21|26|53|77,1,True,4
2024-11-06,26,28,34,1,4,21|26|53|77,2,False,
2024-11-06,53,28,90,1,4,21|26|53|77,3,True,2
2024-11-06,77,32,28,1,4,21|26|53|77,1,True,2
2024-11-18,30,39,3,1,2,30|94,3,True,2
2024-11-18,94,39,84,1,2,30|94,8,False,
2024-11-21,7,42,44,1,7,7|22|23|26|53|59|70,1,True,2
2024-11-21,22,44,42,1,7,7|22|23|26|53|59|70,1,True,2
2024-11-21,23,42,28,2,7,7|22|23|26|53|59|70,3,False,
2024-11-21,26,28,72,1,7,7|22|23|26|53|59|70,2,False,
2024-11-21,53,28,42,2,7,7|22|23|26|53|59|70,3,True,1
2024-11-21,59,44,72,1,7,7|22|23|26|53|59|70,2,True,3
2024-11-21,70,44,42,1,7,7|22|23|26|53|59|70,3,True,3
2024-11-26,48,36,97,1,2,48|67,2,True,2
2024-11-26,67,40,79,1,2,48|67,5,True,1
2024-11-29,72,40,34,1,2,72|76,6,True,1
2024-11-29,76,34,92,1,2,72|76,5,True,6
2024-11-30,9,39,7,1,3,9|29|35,1,False,
2024-11-30,29,41,7,1,3,9|29|35,2,False,
2024-11-30,35,49,7,1,3,9|29|35,1,False,
2024-12-12,52,38,85,1,2,52|63,4,True,1
2024-12-12,63,38,35,1,2,52|63,5,True,4
2024-12-13,35,49,22,1,2,35|97,1,True,5
2024-12-13,97,52,48,1,2,35|97,2,True,2
2024-12-19,35,49,42,1,3,35|37|90,1,True,3
2024-12-19,37,46,82,1,3,35|37|90,1,True,4
2024-12-19,90,46,42,1,3,35|37|90,4,True,2
2024-12-23,19,40,86,1,2,19|56,2,True,6
2024-12-23,56,40,41,1,2,19|56,4,False,
2024-12-29,9,39,35,1,3,9|30|53,1,True,1
2024-12-29,30,39,83,1,3,9|30|53,3,False,
2024-12-29,53,28,35,1,3,9|30|53,3,True,4
2024-12-30,53,28,22,1,2,53|68,3,True,3
2024-12-30,68,47,92,1,2,53|68,3,True,7
2025-01-04,22,44,53,1,3,22|70|91,1,True,1
2025-01-04,70,44,22,2,3,22|70|91,3,False,
2025-01-04,91,44,57,1,3,22|70|91,5,True,1
2025-01-08,57,30,11,1,2,57|83,2,True,2
2025-01-08,83,49,30,1,2,57|83,3,True,3
2025-01-10,56,40,41,1,2,56|72,4,True,1
2025-01-10,72,40,26,2,2,56|72,6,True,2
2025-01-12,26,28,72,1,2,26|53,2,True,2
2025-01-12,53,28,22,2,2,26|53,3,True,3
2025-01-15,42,37,29,2,2,42|89,3,False,
2025-01-15,89,48,71,1,2,42|89,2,True,6
2025-01-22,14,39,54,1,2,14|41,2,True,1
2025-01-22,41,39,12,2,2,14|41,4,True,3
2025-01-28,44,43,9,1,2,44|53,3,True,2
2025-01-28,53,28,9,1,2,44|53,3,True,5
2025-01-31,6,35,60,1,2,6|48,1,False,
2025-01-31,48,36,93,1,2,6|48,2,True,1
2025-02-11,31,38,74,1,2,31|63,2,False,
2025-02-11,63,38,7,1,2,31|63,5,True,3
2025-02-12,73,48,77,1,2,73|76,1,True,2
2025-02-12,76,34,92,1,2,73|76,5,True,3
2025-02-23,22,44,29,1,4,22|44|70|75,1,True,2
2025-02-23,44,43,29,1,4,22|44|70|75,3,True,2
2025-02-23,70,44,29,1,4,22|44|70|75,3,False,
2025-02-23,75,44,62,1,4,22|44|70|75,4,False,
2025-02-28,41,39,89,1,2,41|56,4,False,
2025-02-28,56,40,89,1,2,41|56,4,True,6
2025-03-02,22,44,53,1,3,22|53|70,1,False,
2025-03-02,53,28,22,2,3,22|53|70,3,True,7
2025-03-02,70,44,22,2,3,22|53|70,3,True,2
2025-03-03,7,42,44,1,3,7|22|70,1,False,
2025-03-03,22,44,42,1,3,7|22|70,1,False,
2025-03-03,70,44,42,1,3,7|22|70,3,True,1
2025-03-07,12,43,71,1,4,12|28|56|92,1,True,6
2025-03-07,28,43,87,1,4,12|28|56|92,2,True,4
2025-03-07,56,40,71,1,4,12|28|56|92,4,True,2
2025-03-07,92,43,27,2,4,12|28|56|92,6,True,6
2025-03-09,22,44,53,1,3,22|42|70,1,False,
2025-03-09,42,37,44,2,3,22|42|70,3,True,5
2025-03-09,70,44,53,1,3,22|42|70,3,True,1
2025-03-11,26,28,72,1,3,26|53|73,2,True,3
2025-03-11,53,28,29,1,3,26|53|73,3,False,
2025-03-11,73,48,28,1,3,26|53|73,1,True,4
2025-03-12,52,38,81,1,2,52|63,4,True,6
2025-03-12,63,38,35,1,2,52|63,5,True,2
2025-03-21,22,44,90,1,2,22|70,1,True,2
2025-03-21,70,44,90,1,2,22|70,3,False,
2025-03-22,69,45,91,1,2,69|73,1,True,5
2025-03-22,73,48,23,1,2,69|73,1,True,3
2025-03-24,53,28,44,1,3,53|73|91,3,True,4
2025-03-24,73,48,28,1,3,53|73|91,1,True,1
2025-03-24,91,44,11,1,3,53|73|91,5,True,1
2025-03-29,79,47,88,1,2,79|83,4,False,
2025-03-29,83,49,3,1,2,79|83,3,True,1
2025-04-01,10,37,1,1,3,10|42|53,2,True,2
2025-04-01,42,37,44,1,3,10|42|53,3,True,2
2025-04-01,53,28,44,1,3,10|42|53,3,False,
2025-04-02,22,44,90,1,2,22|70,1,False,
2025-04-02,70,44,90,1,2,22|70,3,True,1
2025-04-03,7,42,44,2,4,7|22|70|71,1,True,5
2025-04-03,22,44,42,2,4,7|22|70|71,1,False,
2025-04-03,70,44,42,1,4,7|22|70|71,3,True,2
2025-04-03,71,42,56,1,4,7|22|70|71,7,True,5
2025-04-13,29,41,70,1,2,29|90,2,False,
2025-04-13,90,46,70,1,2,29|90,4,True,6
2025-04-14,41,39,12,1,3,41|56|57,4,False,
2025-04-14,56,40,12,1,3,41|56|57,4,False,
2025-04-14,57,30,69,1,3,41|56|57,2,True,2
2025-04-20,26,28,59,1,2,26|53,2,True,5
2025-04-20,53,28,63,2,2,26|53,3,True,2
2025-04-21,73,48,28,1,2,73|87,1,False,
2025-04-21,87,33,28,1,2,73|87,4,True,6
2025-04-23,26,28,34,1,2,26|76,2,True,2
2025-04-23,76,34,68,1,2,26|76,5,False,
2025-04-24,35,49,44,1,3,35|69|91,1,True,5
2025-04-24,69,45,57,1,3,35|69|91,1,True,2
2025-04-24,91,44,57,1,3,35|69|91,5,True,2
2025-04-30,10,37,1,1,2,10|42,2,True,6
2025-04-30,42,37,90,1,2,10|42,3,True,1
2025-05-02,3,31,83,1,2,3|74,1,False,
2025-05-02,74,46,31,1,2,3|74,3,True,2
2025-05-04,28,43,23,1,2,28|44,2,True,2
2025-05-04,44,43,9,2,2,28|44,3,False,
2025-05-15,22,44,90,1,3,22|59|70,1,True,1
2025-05-15,59,44,34,1,3,22|59|70,2,False,
2025-05-15,70,44,90,1,3,22|59|70,3,True,1
2025-05-17,7,42,22,1,2,7|63,1,True,3
2025-05-17,63,38,22,2,2,7|63,5,True,2
2025-05-18,54,35,14,1,4,54|63|65|97,4,True,3
2025-05-18,63,38,35,1,4,54|63|65|97,5,True,1
2025-05-18,65,52,82,1,4,54|63|65|97,1,False,
2025-05-18,97,52,48,1,4,54|63|65|97,2,True,5
2025-05-23,9,39,70,1,2,9|94,1,True,1
2025-05-23,94,39,58,1,2,9|94,8,False,
2025-05-29,12,43,56,1,4,12|28|65|81,1,True,4
2025-05-29,28,43,23,1,4,12|28|65|81,2,True,3
2025-05-29,65,52,82,1,4,12|28|65|81,1,True,4
2025-05-29,81,43,52,1,4,12|28|65|81,5,True,6
2025-05-31,12,43,41,1,6,12|29|44|56|71|81,1,True,2
2025-05-31,29,41,42,1,6,12|29|44|56|71|81,2,True,1
2025-05-31,44,43,42,1,6,12|29|44|56|71|81,3,True,1
2025-05-31,56,40,41,1,6,12|29|44|56|71|81,4,False,
2025-05-31,71,42,41,1,6,12|29|44|56|71|81,7,True,1
2025-05-31,81,43,85,1,6,12|29|44|56|71|81,5,True,4
2025-06-01,22,44,70,1,2,22|59,1,True,3
2025-06-01,59,44,72,1,2,22|59,2,True,3
2025-06-12,73,48,23,1,2,73|89,1,False,
2025-06-12,89,48,12,1,2,73|89,2,True,2
2025-06-13,22,44,90,1,2,22|70,1,True,1
2025-06-13,70,44,22,2,2,22|70,3,True,3
2025-06-16,42,37,44,1,2,42|59,3,True,5
2025-06-16,59,44,34,1,2,42|59,2,True,7
2025-06-23,20,38,2,1,3,20|63|100,1,True,1
2025-06-23,63,38,29,1,3,20|63|100,5,True,2
2025-06-23,100,38,10,1,3,20|63|100,6,False,
2025-06-25,35,49,42,1,2,35|83,1,True,2
2025-06-25,83,49,3,1,2,35|83,3,True,7
2025-06-27,22,44,35,1,2,22|70,1,False,
2025-06-27,70,44,35,1,2,22|70,3,True,1
2025-07-22,14,39,54,1,2,14|30,2,True,5
2025-07-22,30,39,3,1,2,14|30,3,False,
2025-07-24,12,43,89,1,2,12|44,1,True,6
2025-07-24,44,43,35,1,2,12|44,3,True,3
2025-07-25,19,40,86,1,2,19|65,2,True,4
2025-07-25,65,52,82,1,2,19|65,1,True,2
2025-07-27,22,44,90,1,3,22|53|70,1,True,1
2025-07-27,53,28,44,2,3,22|53|70,3,False,
2025-07-27,70,44,90,1,3,22|53|70,3,True,1
2025-07-31,9,39,7,1,3,9|37|90,1,True,1
2025-07-31,37,46,65,1,3,9|37|90,1,True,5
2025-07-31,90,46,7,1,3,9|37|90,4,True,1
2025-08-04,30,39,83,1,2,30|46,3,True,5
2025-08-04,46,39,86,1,2,30|46,5,True,2
2025-08-05,52,38,81,1,2,52|63,4,True,2
2025-08-05,63,38,22,1,2,52|63,5,True,3
2025-08-11,42,37,7,1,2,42|44,3,True,1
2025-08-11,44,43,7,1,2,42|44,3,False,
2025-08-13,19,40,86,1,4,19|51|56|57,2,True,1
2025-08-13,51,40,21,1,4,19|51|56|57,3,True,2
2025-08-13,56,40,71,1,4,19|51|56|57,4,True,4
2025-08-13,57,30,91,1,4,19|51|56|57,2,True,5
2025-08-28,7,42,44,1,3,7|22|70,1,True,1
2025-08-28,22,44,42,1,3,7|22|70,1,True,2
2025-08-28,70,44,42,1,3,7|22|70,3,False,
2025-08-30,9,39,63,1,4,9|30|42|62,1,False,
2025-08-30,30,39,3,1,4,9|30|42|62,3,False,
2025-08-30,42,37,63,1,4,9|30|42|62,3,True,1
2025-08-30,62,39,75,1,4,9|30|42|62,6,True,4
2025-08-31,35,49,42,1,2,35|80,1,False,
2025-08-31,80,45,8,1,2,35|80,2,False,
2025-09-01,59,44,26,1,2,59|91,2,True,3
2025-09-01,91,44,11,1,2,59|91,5,True,6
2025-09-02,80,45,8,1,2,80|93,2,True,6
2025-09-02,93,41,97,1,2,80|93,3,False,
2025-09-05,42,37,53,2,3,42|44|60,3,True,4
2025-09-05,44,43,53,2,3,42|44|60,3,True,1
2025-09-05,60,43,6,1,3,42|44|60,4,True,5
2025-09-06,22,44,29,1,3,22|70|91,1,False,
2025-09-06,70,44,29,1,3,22|70|91,3,True,3
2025-09-06,91,44,11,1,3,22|70|91,5,True,1
2025-09-10,46,39,19,1,2,46|60,5,False,
2025-09-10,60,43,6,1,2,46|60,4,True,3
2025-09-13,7,42,9,1,5,7|9|29|41|71,1,True,3
2025-09-13,9,39,42,1,5,7|9|29|41|71,1,True,2
2025-09-13,29,41,9,2,5,7|9|29|41|71,2,True,2
2025-09-13,41,39,12,1,5,7|9|29|41|71,4,True,2
2025-09-13,71,42,12,2,5,7|9|29|41|71,7,False,
2025-09-14,3,31,30,1,2,3|57,1,True,4
2025-09-14,57,30,69,1,2,3|57,2,True,2
2025-09-19,63,38,22,1,2,63|100,5,False,
2025-09-19,100,38,1,1,2,63|100,6,False,
2025-09-20,59,44,34,1,2,59|91,2,False,
2025-09-20,91,44,57,1,2,59|91,5,True,5
2025-09-21,42,37,90,1,2,42|63,3,True,3
2025-09-21,63,38,90,1,2,42|63,5,False,
2025-09-30,10,37,1,1,4,10|29|42|82,2,True,4
2025-09-30,29,41,90,1,4,10|29|42|82,2,True,1
2025-09-30,42,37,90,1,4,10|29|42|82,3,True,6
2025-09-30,82,33,37,1,4,10|29|42|82,3,True,2
2025-10-02,51,40,21,1,2,51|67,3,False,
2025-10-02,67,40,88,1,2,51|67,5,False,
2025-10-10,35,49,70,1,3,35|53|63,1,True,2
2025-10-10,53,28,35,2,3,35|53|63,3,True,1
2025-10-10,63,38,35,2,3,35|53|63,5,False,
2025-10-11,19,40,46,1,3,19|72|90,2,True,3
2025-10-11,72,40,26,1,3,19|72|90,6,True,1
2025-10-11,90,46,29,1,3,19|72|90,4,True,5
2025-10-13,9,39,44,1,2,9|59,1,True,1
2025-10-13,59,44,26,1,2,9|59,2,True,1
2025-10-15,26,28,59,1,2,26|53,2,False,
2025-10-15,53,28,29,1,2,26|53,3,True,3
2025-10-16,9,39,22,1,2,9|90,1,True,3
2025-10-16,90,46,22,1,2,9|90,4,True,2
2025-10-20,7,42,9,1,2,7|23,1,True,1
2025-10-20,23,42,87,1,2,7|23,3,True,4
2025-10-26,7,42,70,1,2,7|23,1,True,5
2025-10-26,23,42,77,1,2,7|23,3,True,4
2025-11-05,22,44,70,1,4,22|42|90|91,1,True,4
2025-11-05,42,37,44,2,4,22|42|90|91,3,True,3
2025-11-05,90,46,44,2,4,22|42|90|91,4,True,4
2025-11-05,91,44,57,1,4,22|42|90|91,5,True,3
2025-11-08,7,42,53,1,3,7|23|48,1,False,
2025-11-08,23,42,73,1,3,7|23|48,3,True,2
2025-11-08,48,36,93,1,3,7|23|48,2,True,6
2025-11-16,42,37,63,1,2,42|82,3,True,2
2025-11-16,82,33,37,1,2,42|82,3,True,2
2025-11-19,21,28,51,1,4,21|26|34|53,1,True,2
2025-11-19,26,28,59,1,4,21|26|34|53,2,True,5
2025-11-19,34,51,59,1,4,21|26|34|53,1,False,
2025-11-19,53,28,70,2,4,21|26|34|53,3,False,
2025-11-22,35,49,9,1,3,35|63|100,1,True,2
2025-11-22,63,38,9,1,3,35|63|100,5,True,3
2025-11-22,100,38,10,1,3,35|63|100,6,False,
2025-11-23,7,42,90,1,2,7|71,1,True,3
2025-11-23,71,42,56,1,2,7|71,7,True,1
2025-11-26,46,39,19,1,2,46|94,5,False,
2025-11-26,94,39,58,1,2,46|94,8,True,4
2025-11-27,26,28,34,1,4,26|53|68|76,2,True,3
2025-11-27,53,28,29,1,4,26|53|68|76,3,False,
2025-11-27,68,47,92,1,4,26|53|68|76,3,True,5
2025-11-27,76,34,92,1,4,26|53|68|76,5,True,1
2025-12-05,7,42,70,1,2,7|71,1,False,
2025-12-05,71,42,56,1,2,7|71,7,True,1
2025-12-09,28,43,73,1,2,28|44,2,True,6
2025-12-09,44,43,9,2,2,28|44,3,False,
2025-12-14,11,35,91,1,2,11|54,2,True,6
2025-12-14,54,35,14,1,2,11|54,4,True,5
2025-12-20,29,41,7,1,2,29|56,2,True,2
2025-12-20,56,40,41,1,2,29|56,4,True,7
2025-12-27,29,41,44,1,2,29|93,2,True,2
2025-12-27,93,41,97,1,2,29|93,3,True,6
2025-12-30,28,43,23,1,3,28|44|77,2,True,1
2025-12-30,44,43,35,1,3,28|44|77,3,True,7
2025-12-30,77,32,23,1,3,28|44|77,1,True,4
2026-01-03,44,43,42,1,2,44|92,3,True,3
2026-01-03,92,43,76,1,2,44|92,6,True,2
2026-01-07,23,42,77,1,2,23|90,3,False,
2026-01-07,90,46,42,1,2,23|90,4,True,2
2026-01-08,30,39,83,1,2,30|94,3,True,1
2026-01-08,94,39,84,1,2,30|94,8,True,1
2026-01-16,46,39,19,1,2,46|57,5,True,1
2026-01-16,57,30,91,1,2,46|57,2,True,2
2026-01-17,9,39,90,1,2,9|94,1,True,3
2026-01-17,94,39,58,1,2,9|94,8,True,1
2026-01-23,29,41,90,1,3,29|89|93,2,True,7
2026-01-23,89,48,41,2,3,29|89|93,2,False,
2026-01-23,93,41,48,1,3,29|89|93,3,True,4
2026-02-08,31,38,74,1,2,31|52,2,False,
2026-02-08,52,38,85,1,2,31|52,4,False,
2026-02-09,19,40,46,1,3,19|58|72,2,True,2
2026-02-09,58,46,94,1,3,19|58|72,2,True,6
2026-02-09,72,40,34,1,3,19|58|72,6,True,1
2026-02-11,7,42,9,1,2,7|71,1,True,7
2026-02-11,71,42,12,1,2,7|71,7,True,3
2026-02-14,63,38,42,1,2,63|73,5,True,6
2026-02-14,73,48,23,1,2,63|73,1,True,1
2026-02-15,46,39,86,1,2,46|94,5,False,
2026-02-15,94,39,84,1,2,46|94,8,True,3
2026-02-28,59,44,26,1,2,59|70,2,True,6
2026-02-28,70,44,22,1,2,59|70,3,True,4
2026-03-05,22,44,29,1,3,22|68|70,1,False,
2026-03-05,68,47,92,1,3,22|68|70,3,False,
2026-03-05,70,44,29,1,3,22|68|70,3,True,1
2026-03-07,23,42,87,1,3,23|29|71,3,True,7
2026-03-07,29,41,42,1,3,23|29|71,2,False,
2026-03-07,71,42,41,1,3,23|29|71,7,True,3
2026-03-12,19,40,86,1,2,19|56,2,True,2
2026-03-12,56,40,12,1,2,19|56,4,True,2
2026-03-17,22,44,29,1,2,22|70,1,False,
2026-03-17,70,44,29,1,2,22|70,3,True,3
2026-03-23,9,39,44,1,4,9|22|70|94,1,True,1
2026-03-23,22,44,9,1,4,9|22|70|94,1,False,
2026-03-23,70,44,9,1,4,9|22|70|94,3,True,5
2026-03-23,94,39,84,1,4,9|22|70|94,8,True,1
2026-03-26,44,43,42,1,2,44|92,3,False,
2026-03-26,92,43,68,1,2,44|92,6,True,1
2026-03-28,7,42,63,1,2,7|23,1,False,
2026-03-28,23,42,73,1,2,7|23,3,True,2
2026-04-09,28,43,23,1,4,28|77|82|87,2,True,4
2026-04-09,77,32,23,1,4,28|77|82|87,1,False,
2026-04-09,82,33,65,1,4,28|77|82|87,3,True,1
2026-04-09,87,33,23,1,4,28|77|82|87,4,False,
2026-04-16,16,27,25,1,2,16|83,1,False,
2026-04-16,83,49,3,1,2,16|83,3,True,4
2026-04-22,58,46,94,1,2,58|74,2,True,4
2026-04-22,74,46,31,1,2,58|74,3,True,2
2026-04-23,44,43,70,1,2,44|81,3,True,3
2026-04-23,81,43,85,1,2,44|81,5,True,6
2026-04-25,28,43,23,1,2,28|44,2,False,
2026-04-25,44,43,35,1,2,28|44,3,True,1
2026-04-30,57,30,91,1,2,57|94,2,True,3
2026-04-30,94,39,58,1,2,57|94,8,True,1
2026-05-06,34,51,59,1,2,34|86,1,True,5
2026-05-06,86,35,19,1,2,34|86,5,True,3
2026-05-10,29,41,70,1,2,29|63,2,True,6
2026-05-10,63,38,70,1,2,29|63,5,True,2
2026-05-19,48,36,93,1,3,48|85|97,2,True,6
2026-05-19,85,36,52,1,3,48|85|97,4,True,4
2026-05-19,97,52,93,1,3,48|85|97,2,True,6
2026-05-22,22,44,9,1,3,22|70|91,1,False,
2026-05-22,70,44,9,1,3,22|70|91,3,True,1
2026-05-22,91,44,69,1,3,22|70|91,5,False,
2026-05-24,69,45,57,1,2,69|82,1,True,6
2026-05-24,82,33,65,1,2,69|82,3,False,
2026-05-28,35,49,44,1,2,35|59,1,True,1
2026-05-28,59,44,26,1,2,35|59,2,True,7
2026-05-31,25,30,16,1,2,25|57,1,True,4
2026-05-31,57,30,69,1,2,25|57,2,True,1
2026-06-07,42,37,53,1,2,42|65,3,True,3
2026-06-07,65,52,37,1,2,42|65,1,True,2
2026-06-10,20,38,2,1,2,20|63,1,True,1
2026-06-10,63,38,7,1,2,20|63,5,True,2
2026-06-11,9,39,44,1,5,9|41|57|91|94,1,False,
2026-06-11,41,39,71,1,5,9|41|57|91|94,4,False,
2026-06-11,57,30,69,1,5,9|41|57|91|94,2,True,3
2026-06-11,91,44,69,1,5,9|41|57|91|94,5,False,
2026-06-11,94,39,84,1,5,9|41|57|91|94,8,True,1
2026-06-12,42,37,53,1,2,42|84,3,True,2
2026-06-12,84,47,94,1,2,42|84,5,False,
2026-06-15,35,49,44,1,2,35|53,1,True,3
2026-06-15,53,28,44,1,2,35|53,3,True,4
2026-06-17,22,44,63,1,2,22|70,1,False,
2026-06-17,70,44,63,1,2,22|70,3,True,2
2026-06-21,9,39,44,2,5,9|22|29|35|75,1,False,
2026-06-21,22,44,70,1,5,9|22|29|35|75,1,False,
2026-06-21,29,41,44,2,5,9|22|29|35|75,2,True,2
2026-06-21,35,49,44,2,5,9|22|29|35|75,1,True,2
2026-06-21,75,44,62,1,5,9|22|29|35|75,4,True,4
2026-06-25,9,39,90,1,2,9|94,1,True,7
2026-06-25,94,39,58,1,2,9|94,8,True,3
2026-06-29,23,42,73,1,2,23|48,3,True,2
2026-06-29,48,36,97,1,2,23|48,2,True,6
2026-07-06,9,39,53,1,4,9|63|74|90,1,True,3
2026-07-06,63,38,9,2,4,9|63|74|90,5,False,
2026-07-06,74,46,31,1,4,9|63|74|90,3,True,1
2026-07-06,90,46,9,2,4,9|63|74|90,4,False,
2026-07-09,7,42,9,3,2,7|23,1,True,1
2026-07-09,23,42,77,1,2,7|23,3,True,4
2026-07-10,41,39,89,1,3,41|56|67,4,True,1
2026-07-10,56,40,89,1,3,41|56|67,4,True,2
2026-07-10,67,40,88,1,3,41|56|67,5,True,3
2026-07-11,40,49,4,1,2,40|83,2,True,3
2026-07-11,83,49,3,1,2,40|83,3,True,1
2026-07-14,46,39,19,1,3,46|62|94,5,True,2
2026-07-14,62,39,75,1,3,46|62|94,6,True,3
2026-07-14,94,39,58,1,3,46|62|94,8,True,1
