number,t1_code,t1_group,t1_pos,num_-1,num_+1,num_-2,num_+2,t2_group,times_fuerte,exact_any,times_origin,times_confirmer,produced_-1_count,appeared_as_-1_count
1,34,1|17|33|49|76,1,,17,,33,1|10|100,13,9,0,24,0,5
2,33,2|39|82|87,1,,39,,82,2|20,5,3,0,16,0,4
3,31,3|24|88|99,1,,24,,88,3|30|83,22,13,0,23,0,0
4,47,4|36|68|79|84,1,,36,,68,4|40,5,4,0,6,0,0
5,37,5|10|42,1,,10,,42,5|50,6,4,0,11,0,13
6,35,6|11|43|54|86,1,,11,,43,6|60,7,4,0,9,0,17
7,42,7|18|23|50|55|66|71,1,,18,,23,7|9|22|29|35|42|44|53|63|70|90,79,60,0,101,0,0
8,40,8|19|51|56|67|72,1,,19,,51,8|80,10,8,0,13,0,15
9,39,9|14|30|41|46|62|78|94,1,,14,,30,7|9|22|29|35|42|44|53|63|70|90,81,61,0,97,0,9
10,37,5|10|42,2,5,42,,,1|10|100,16,11,0,19,13,64
11,35,6|11|43|54|86,2,6,43,,54,11|57|69|91,20,19,0,22,17,0
12,43,12|28|44|60|81|92,1,,28,,44,12|41|56|71|89,24,18,0,35,0,32
13,41,13|29|93,1,,29,,93,13|17,9,6,0,5,0,53
14,39,9|14|30|41|46|62|78|94,2,9,30,,41,14|54,11,10,0,15,9,15
15,29,15,1,,,,,15|96,6,5,0,6,0,0
16,27,16,1,,,,,16|25,7,4,0,9,0,0
17,34,1|17|33|49|76,2,1,33,,49,13|17,5,4,0,9,5,0
18,42,7|18|23|50|55|66|71,2,7,23,,50,18,0,0,0,0,0,28
19,40,8|19|51|56|67|72,2,8,51,,56,19|46|86,19,15,0,17,15,6
20,38,20|31|47|52|63|100,1,,31,,47,2|20,16,13,0,5,0,7
21,28,21|26|53,1,,26,,53,21|51,7,7,0,9,0,28
22,44,22|59|70|75|91,1,,59,,70,7|9|22|29|35|42|44|53|63|70|90,75,48,0,109,0,21
23,42,7|18|23|50|55|66|71,3,18,50,7,55,23|28|73|77|87,37,28,0,54,28,11
24,31,3|24|88|99,2,3,88,,99,24,0,0,0,0,0,11
25,30,25|57,1,,57,,,16|25,9,9,0,7,0,23
26,28,21|26|53,2,21,53,,,26|34|59|72,31,22,37,31,28,57
27,26,27|38,1,,38,,,27|68|76|92,36,27,7,29,0,0
28,43,12|28|44|60|81|92,2,12,44,,60,23|28|73|77|87,41,35,132,42,32,59
29,41,13|29|93,2,13,93,,,7|9|22|29|35|42|44|53|63|70|90,79,58,6,108,53,19
30,39,9|14|30|41|46|62|78|94,3,14,41,9,46,3|30|83,21,14,40,27,15,26
31,38,20|31|47|52|63|100,2,20,47,,52,31|74,10,8,34,13,7,0
32,36,32|48|64|85,1,,48,,64,32|45,11,6,43,8,0,19
33,34,1|17|33|49|76,3,17,49,1,76,33,0,0,70,0,0,0
34,51,34|98,1,,98,,,26|34|59|72,27,23,48,32,0,0
35,49,35|40|83,1,,40,,83,7|9|22|29|35|42|44|53|63|70|90,66,52,57,74,0,5
36,47,4|36|68|79|84,2,4,68,,79,36,0,0,55,0,0,24
37,46,37|58|74|90,1,,58,,74,37|65|82,10,8,131,23,0,10
38,26,27|38,2,27,,,,38,0,0,155,0,0,0
39,33,2|39|82|87,2,2,82,,87,39|78,4,1,223,0,4,14
40,49,35|40|83,2,35,83,,,4|40,6,5,129,5,5,19
41,39,9|14|30|41|46|62|78|94,4,30,46,14,62,12|41|56|71|89,31,24,130,42,26,17
42,37,5|10|42,3,10,,5,,7|9|22|29|35|42|44|53|63|70|90,85,69,190,84,64,0
43,35,6|11|43|54|86,3,11,54,6,86,43,0,0,228,0,0,11
44,43,12|28|44|60|81|92,3,28,60,12,81,7|9|22|29|35|42|44|53|63|70|90,81,56,244,83,59,7
45,50,45,1,,,,,32|45,8,3,46,11,0,0
46,39,9|14|30|41|46|62|78|94,5,41,62,30,78,19|46|86,19,11,127,10,17,6
47,38,20|31|47|52|63|100,3,31,52,20,63,47,0,0,80,0,0,13
48,36,32|48|64|85,2,32,64,,85,48|93|97,23,18,77,18,19,0
49,34,1|17|33|49|76,4,33,76,17,,49,0,0,109,0,0,25
50,42,7|18|23|50|55|66|71,4,23,55,18,66,5|50,11,8,8,6,11,0
51,40,8|19|51|56|67|72,3,19,56,8,67,21|51,9,7,29,7,6,28
52,38,20|31|47|52|63|100,4,47,63,31,100,52|81|85,18,13,36,17,13,56
53,28,21|26|53,3,26,,21,,7|9|22|29|35|42|44|53|63|70|90,72,49,0,94,57,0
54,35,6|11|43|54|86,4,43,86,11,,14|54,15,11,6,11,11,13
55,42,7|18|23|50|55|66|71,5,50,66,23,71,55,0,0,0,0,0,0
56,40,8|19|51|56|67|72,4,51,67,19,72,12|41|56|71|89,38,26,0,32,28,10
57,30,25|57,2,25,,,,11|57|69|91,29,25,0,33,23,0
58,46,37|58|74|90,2,37,74,,90,58|84|94,16,13,0,19,10,7
59,44,22|59|70|75|91,2,22,70,,75,26|34|59|72,28,22,0,32,21,55
60,43,12|28|44|60|81|92,4,44,81,28,92,6|60,9,7,0,7,7,13
61,5,61,1,,,,,61,0,0,0,0,0,0
62,39,9|14|30|41|46|62|78|94,6,46,78,41,94,62|75,7,6,0,10,6,0
63,38,20|31|47|52|63|100,5,52,100,47,,7|9|22|29|35|42|44|53|63|70|90,75,56,0,87,56,10
64,36,32|48|64|85,3,48,85,32,,64,0,0,0,0,0,13
65,52,65|97,1,,97,,,37|65|82,24,19,0,16,0,9
66,42,7|18|23|50|55|66|71,6,55,71,50,,66,0,0,0,0,0,39
67,40,8|19|51|56|67|72,5,56,72,51,,67|79|88,16,11,0,17,10,22
68,47,4|36|68|79|84,3,36,79,4,84,27|68|76|92,31,18,0,36,24,19
69,45,69|80,1,,80,,,11|57|69|91,32,23,0,27,0,11
70,44,22|59|70|75|91,3,59,75,22,91,7|9|22|29|35|42|44|53|63|70|90,76,57,0,103,55,9
71,42,7|18|23|50|55|66|71,7,66,,55,,12|41|56|71|89,43,35,0,32,39,0
72,40,8|19|51|56|67|72,6,67,,56,,26|34|59|72,30,23,0,30,22,0
73,48,73|89,1,,89,,,23|28|73|77|87,35,26,0,37,0,25
74,46,37|58|74|90,3,58,90,37,,31|74,13,10,0,10,7,53
75,44,22|59|70|75|91,4,70,91,59,,62|75,10,6,0,7,9,22
76,34,1|17|33|49|76,5,49,,33,,27|68|76|92,29,25,0,36,25,0
77,32,77,1,,,,,23|28|73|77|87,41,28,0,31,0,0
78,39,9|14|30|41|46|62|78|94,7,62,94,46,,39|78,0,0,0,4,0,22
79,47,4|36|68|79|84,4,68,84,36,,67|79|88,24,19,0,17,19,11
80,45,69|80,2,69,,,,8|80,13,11,0,10,11,0
81,43,12|28|44|60|81|92,5,60,92,44,,52|81|85,15,15,0,15,13,29
82,33,2|39|82|87,3,39,87,2,,37|65|82,20,18,0,17,14,29
83,49,35|40|83,3,40,,35,,3|30|83,23,17,0,16,19,0
84,47,4|36|68|79|84,5,79,,68,,58|84|94,16,12,0,29,11,0
85,36,32|48|64|85,4,64,,48,,52|81|85,20,16,0,21,13,0
86,35,6|11|43|54|86,5,54,,43,,19|46|86,14,12,0,25,13,0
87,33,2|39|82|87,4,82,,39,,23|28|73|77|87,38,34,0,39,29,0
88,31,3|24|88|99,3,24,99,3,,67|79|88,12,8,0,20,11,0
89,48,73|89,2,73,,,,12|41|56|71|89,33,24,0,40,25,0
90,46,37|58|74|90,4,74,,58,,7|9|22|29|35|42|44|53|63|70|90,65,49,0,98,53,0
91,44,22|59|70|75|91,5,75,,70,,11|57|69|91,27,21,0,30,22,0
92,43,12|28|44|60|81|92,6,81,,60,,27|68|76|92,32,29,0,35,29,0
93,41,13|29|93,3,29,,13,,48|93|97,22,19,0,19,19,0
94,39,9|14|30|41|46|62|78|94,8,78,,62,,58|84|94,32,25,0,17,22,0
95,56,95,1,,,,,95,0,0,0,0,0,0
96,54,96,1,,,,,15|96,6,5,0,6,0,0
97,52,65|97,2,65,,,,48|93|97,11,9,0,21,9,0
98,51,34|98,2,34,,,,98,0,0,0,0,0,0
99,31,3|24|88|99,4,88,,24,,99,0,0,0,0,0,0
100,38,20|31|47|52|63|100,6,63,,52,,1|10|100,14,0,0,0,10,0
