f1,f1_activation,f1_fulfill_date,f1_day_offset,f1_fulfill_lottery,f2,f2_origin,f2_confirmer,same_day_new_strong
50,2019-07-24,2019-07-29,5,New York 2:30,5,37,50,True
50,2019-07-24,2019-07-29,5,New York 2:30,10,37,1,True
90,2019-07-27,2019-08-01,5,Quiniela Leidsa,23,42,73,True
90,2019-07-27,2019-08-01,5,Quiniela Leidsa,71,42,89,True
71,2019-08-01,2019-08-02,1,Gana Mas,26,28,34,True
71,2019-08-01,2019-08-02,1,Gana Mas,100,38,1,True
72,2019-08-06,2019-08-07,1,Gana Mas,53,28,29,True
53,2019-08-07,2019-08-11,4,Quiniela Loteka,29,41,9,True
53,2019-08-07,2019-08-11,4,Quiniela Loteka,42,37,9,True
53,2019-08-07,2019-08-11,4,Quiniela Loteka,89,48,41,True
53,2019-08-07,2019-08-11,4,Quiniela Loteka,93,41,48,True
96,2019-08-09,2019-08-10,1,Quiniela Real,23,42,73,True
96,2019-08-09,2019-08-10,1,Quiniela Real,77,32,73,True
77,2019-08-10,2019-08-15,5,Quiniela Loteka,87,33,77,True
29,2019-08-11,2019-08-12,1,Gana Mas,85,36,52,True
89,2019-08-11,2019-08-12,1,Quiniela Loteka,85,36,52,True
93,2019-08-11,2019-08-12,1,New York 10:30,85,36,52,True
42,2019-08-11,2019-08-13,2,Quiniela Leidsa,68,47,76,True
42,2019-08-11,2019-08-13,2,Quiniela Leidsa,84,47,94,True
85,2019-08-12,2019-08-14,2,Quiniela Real,52,38,85,True
84,2019-08-13,2019-08-14,1,New York 2:30,52,38,85,True
52,2019-08-14,2019-08-17,3,Loteria Nacional,71,42,12,True
87,2019-08-15,2019-08-21,6,New York 10:30,80,45,8,True
71,2019-08-17,2019-08-18,1,Quiniela Loteka,22,44,7,True
71,2019-08-17,2019-08-18,1,Quiniela Loteka,70,44,7,True
22,2019-08-18,2019-08-20,2,New York 2:30,29,41,22,True
22,2019-08-18,2019-08-20,2,New York 2:30,69,45,57,True
40,2019-09-03,2019-09-08,5,Quiniela Loteka,11,35,91,True
40,2019-09-03,2019-09-08,5,Quiniela Loteka,53,28,35,True
91,2019-09-07,2019-09-08,1,Quiniela Real,11,35,91,True
91,2019-09-07,2019-09-08,1,Quiniela Real,53,28,35,True
42,2019-09-11,2019-09-12,1,New York 2:30,44,43,63,True
42,2019-09-11,2019-09-12,1,New York 2:30,76,34,68,True
42,2019-09-11,2019-09-12,1,New York 2:30,92,43,68,True
76,2019-09-11,2019-09-14,3,Loteria Nacional,16,27,25,True
76,2019-09-12,2019-09-14,2,Loteria Nacional,16,27,25,True
16,2019-09-14,2019-09-19,5,Quiniela Loteka,9,39,70,True
16,2019-09-14,2019-09-19,5,Quiniela Loteka,25,30,16,True
60,2019-09-16,2019-09-20,4,Quiniela Leidsa,7,42,35,True
60,2019-09-16,2019-09-20,4,Quiniela Leidsa,11,35,57,True
60,2019-09-16,2019-09-20,4,Quiniela Leidsa,86,35,19,True
9,2019-09-19,2019-09-22,3,Quiniela Leidsa,57,30,91,True
25,2019-09-19,2019-09-22,3,Quiniela Real,57,30,91,True
7,2019-09-20,2019-09-26,6,Quiniela Real,26,28,59,True
11,2019-09-20,2019-09-25,5,New York 2:30,69,45,11,True
11,2019-09-20,2019-09-25,5,New York 2:30,80,45,8,True
87,2019-09-21,2019-09-25,4,Loteria Nacional,69,45,11,True
87,2019-09-21,2019-09-25,4,Loteria Nacional,80,45,8,True
76,2019-09-23,2019-09-25,2,Loteria Nacional,69,45,11,True
76,2019-09-23,2019-09-25,2,Loteria Nacional,80,45,8,True
87,2019-09-23,2019-09-25,2,Loteria Nacional,69,45,11,True
87,2019-09-23,2019-09-25,2,Loteria Nacional,80,45,8,True
86,2019-09-20,2019-09-21,1,New York 2:30,87,33,28,True
26,2019-09-26,2019-09-29,3,New York 2:30,27,26,92,True
69,2019-09-28,2019-10-02,4,Loteria Nacional,87,33,77,True
27,2019-09-29,2019-10-02,3,Quiniela Real,87,33,77,True
56,2019-09-30,2019-10-02,2,Quiniela Loteka,87,33,77,True
87,2019-10-02,2019-10-03,1,Quiniela Leidsa,12,43,89,True
87,2019-10-02,2019-10-03,1,Quiniela Leidsa,56,40,89,True
87,2019-10-02,2019-10-03,1,Quiniela Leidsa,72,40,26,True
3,2019-10-14,2019-10-21,7,New York 10:30,45,50,32,True
91,2019-10-19,2019-10-21,2,New York 10:30,45,50,32,True
7,2019-10-15,2019-10-19,4,Quiniela Loteka,91,44,69,True
89,2019-10-22,2019-10-23,1,Quiniela Loteka,3,31,30,True
3,2019-10-23,2019-10-26,3,Loteria Nacional,63,38,53,True
3,2019-10-24,2019-10-26,2,Loteria Nacional,63,38,53,True
27,2019-10-25,2019-10-26,1,New York 10:30,63,38,53,True
29,2019-10-25,2019-10-29,4,Gana Mas,34,51,59,True
44,2019-10-31,2019-11-02,2,Quiniela Leidsa,7,42,29,True
88,2019-11-03,2019-11-09,6,Loteria Nacional,29,41,63,True
88,2019-11-03,2019-11-09,6,Loteria Nacional,56,40,41,True
88,2019-11-03,2019-11-09,6,Loteria Nacional,67,40,88,True
67,2019-11-09,2019-11-10,1,Quiniela Real,57,30,69,True
20,2019-11-13,2019-11-19,6,Loteria Nacional,72,40,26,True
96,2019-11-16,2019-11-17,1,Loteria Nacional,29,41,22,True
29,2019-11-17,2019-11-18,1,Loteria Nacional,94,39,58,True
72,2019-11-19,2019-11-22,3,Quiniela Loteka,29,41,9,True
71,2019-11-21,2019-11-26,5,Gana Mas,9,39,22,True
71,2019-11-21,2019-11-26,5,Gana Mas,94,39,84,True
35,2019-11-23,2019-11-26,3,Quiniela Real,9,39,22,True
35,2019-11-23,2019-11-26,3,Quiniela Real,94,39,84,True
79,2019-11-25,2019-11-26,1,Loteria Nacional,9,39,22,True
79,2019-11-25,2019-11-26,1,Loteria Nacional,94,39,84,True
29,2019-11-22,2019-11-25,3,Loteria Nacional,79,47,67,True
53,2019-12-04,2019-12-05,1,Loteria Nacional,7,42,29,True
7,2019-12-05,2019-12-07,2,Quiniela Real,27,26,68,True
76,2019-12-08,2019-12-13,5,Gana Mas,44,43,35,True
76,2019-12-08,2019-12-13,5,Gana Mas,92,43,27,True
44,2019-12-13,2019-12-19,6,Quiniela Real,48,36,93,True
92,2019-12-13,2019-12-19,6,Quiniela Loteka,48,36,93,True
85,2019-12-14,2019-12-20,6,Gana Mas,77,32,73,True
85,2019-12-14,2019-12-20,6,Gana Mas,89,48,12,True
48,2019-12-19,2019-12-20,1,New York 2:30,77,32,73,True
48,2019-12-19,2019-12-20,1,New York 2:30,89,48,12,True
79,2019-12-24,2019-12-25,1,New York 10:30,26,28,72,True
42,2019-12-27,2019-12-28,1,Quiniela Real,54,35,14,True
26,2020-01-06,2020-01-07,1,Gana Mas,9,39,44,True
26,2020-01-06,2020-01-07,1,Gana Mas,90,46,44,True
26,2020-01-06,2020-01-07,1,Gana Mas,91,44,69,True
26,2020-01-06,2020-01-07,1,Gana Mas,94,39,58,True
90,2020-01-07,2020-01-09,2,Gana Mas,53,28,90,True
91,2020-01-07,2020-01-10,3,Gana Mas,8,40,80,True
91,2020-01-07,2020-01-10,3,Gana Mas,77,32,23,True
94,2020-01-07,2020-01-08,1,Quiniela Real,73,48,23,True
63,2020-01-20,2020-01-26,6,New York 2:30,22,44,7,True
63,2020-01-20,2020-01-26,6,New York 2:30,59,44,34,True
63,2020-01-20,2020-01-26,6,New York 2:30,70,44,7,True
63,2020-01-22,2020-01-26,4,New York 2:30,22,44,7,True
63,2020-01-22,2020-01-26,4,New York 2:30,59,44,34,True
63,2020-01-22,2020-01-26,4,New York 2:30,70,44,7,True
70,2020-01-26,2020-02-02,7,New York 2:30,73,48,23,True
71,2020-01-30,2020-02-02,3,Quiniela Leidsa,73,48,23,True
54,2020-02-08,2020-02-11,3,Quiniela Leidsa,35,49,63,True
40,2020-02-09,2020-02-11,2,New York 10:30,35,49,63,True
35,2020-02-11,2020-02-13,2,Quiniela Leidsa,11,35,57,True
11,2020-02-13,2020-02-17,4,Quiniela Real,40,49,4,True
11,2020-02-13,2020-02-17,4,Quiniela Real,77,32,23,True
11,2020-02-17,2020-02-19,2,Quiniela Leidsa,7,42,70,True
77,2020-02-17,2020-02-21,4,Gana Mas,11,35,91,True
77,2020-02-17,2020-02-21,4,Gana Mas,28,43,77,True
77,2020-02-17,2020-02-21,4,Gana Mas,44,43,35,True
77,2020-02-17,2020-02-21,4,Gana Mas,92,43,27,True
11,2020-02-21,2020-02-25,4,Quiniela Leidsa,35,49,90,True
90,2020-02-24,2020-02-25,1,Quiniela Loteka,35,49,90,True
44,2020-02-23,2020-03-01,7,Gana Mas,56,40,71,True
58,2020-02-24,2020-03-01,6,New York 10:30,56,40,71,True
2,2020-02-28,2020-03-01,2,New York 2:30,56,40,71,True
56,2020-03-01,2020-03-08,7,Gana Mas,29,41,70,True
4,2020-03-03,2020-03-08,5,New York 10:30,29,41,70,True
29,2020-03-08,2020-03-12,4,New York 2:30,9,39,29,True
53,2020-03-10,2020-03-12,2,New York 2:30,9,39,29,True
44,2020-03-14,2020-03-16,2,Gana Mas,10,37,1,True
44,2020-03-14,2020-03-16,2,Gana Mas,42,37,44,True
44,2020-03-14,2020-03-16,2,Gana Mas,73,48,77,True
73,2020-03-16,2020-03-18,2,Quiniela Leidsa,34,51,59,True
76,2020-05-28,2020-06-04,7,Loteria Nacional,69,45,11,True
22,2020-06-03,2020-06-09,6,Quiniela Loteka,28,43,87,True
22,2020-06-03,2020-06-09,6,Quiniela Loteka,94,39,84,True
58,2020-06-07,2020-06-10,3,New York 10:30,7,42,29,True
58,2020-06-07,2020-06-10,3,New York 10:30,15,29,96,True
58,2020-06-07,2020-06-10,3,New York 10:30,52,38,85,True
58,2020-06-07,2020-06-10,3,New York 10:30,63,38,29,True
85,2020-06-08,2020-06-10,2,Quiniela Leidsa,7,42,29,True
85,2020-06-08,2020-06-10,2,Quiniela Leidsa,15,29,96,True
85,2020-06-08,2020-06-10,2,Quiniela Leidsa,52,38,85,True
85,2020-06-08,2020-06-10,2,Quiniela Leidsa,63,38,29,True
52,2020-06-10,2020-06-11,1,Quiniela Real,44,43,70,True
44,2020-06-11,2020-06-14,3,New York 10:30,22,44,35,True
44,2020-06-11,2020-06-14,3,New York 10:30,70,44,35,True
70,2020-06-14,2020-06-15,1,Loteria Nacional,54,35,14,True
42,2020-06-16,2020-06-22,6,Loteria Nacional,44,43,9,True
42,2020-06-16,2020-06-22,6,Loteria Nacional,60,43,6,True
65,2020-06-20,2020-06-21,1,Gana Mas,92,43,68,True
44,2020-06-22,2020-06-23,1,Quiniela Leidsa,22,44,7,True
44,2020-06-22,2020-06-23,1,Quiniela Leidsa,70,44,7,True
22,2020-06-23,2020-06-24,1,Quiniela Leidsa,94,39,58,True
27,2020-06-27,2020-06-30,3,Loteria Nacional,57,30,69,True
41,2020-06-27,2020-07-02,5,Loteria Nacional,29,41,7,True
76,2020-07-01,2020-07-02,1,New York 2:30,29,41,7,True
19,2020-06-29,2020-07-06,7,Quiniela Leidsa,12,43,89,True
12,2020-07-06,2020-07-07,1,Quiniela Leidsa,94,39,84,True
87,2020-07-08,2020-07-11,3,New York 2:30,4,47,40,True
87,2020-07-08,2020-07-11,3,New York 2:30,68,47,92,True
87,2020-07-08,2020-07-11,3,New York 2:30,79,47,67,True
44,2020-07-15,2020-07-17,2,Quiniela Leidsa,42,37,44,True
44,2020-07-15,2020-07-17,2,Quiniela Leidsa,91,44,57,True
68,2020-07-15,2020-07-20,5,Quiniela Loteka,76,34,68,True
76,2020-07-20,2020-07-23,3,New York 2:30,42,37,35,True
28,2020-07-27,2020-07-31,4,Quiniela Loteka,42,37,63,True
28,2020-07-27,2020-07-31,4,Quiniela Loteka,90,46,63,True
35,2020-07-29,2020-08-03,5,New York 2:30,13,41,17,True
29,2020-08-01,2020-08-03,2,Gana Mas,13,41,17,True
44,2020-08-06,2020-08-07,1,Loteria Nacional,70,44,22,True
34,2020-08-10,2020-08-16,6,Quiniela Real,27,26,92,True
27,2020-08-16,2020-08-23,7,Quiniela Leidsa,69,45,91,True
17,2020-08-21,2020-08-23,2,Quiniela Real,69,45,91,True
63,2020-08-25,2020-08-29,4,New York 2:30,1,34,10,True
28,2020-08-31,2020-09-03,3,New York 10:30,53,28,63,True
27,2020-09-05,2020-09-07,2,Gana Mas,9,39,29,True
9,2020-09-07,2020-09-08,1,New York 2:30,29,41,70,True
29,2020-09-08,2020-09-11,3,Loteria Nacional,9,39,29,True
29,2020-09-08,2020-09-11,3,Loteria Nacional,14,39,54,True
9,2020-09-11,2020-09-13,2,New York 2:30,60,43,6,True
14,2020-09-11,2020-09-15,4,Gana Mas,59,44,34,True
42,2020-09-18,2020-09-21,3,Gana Mas,44,43,70,True
42,2020-09-18,2020-09-21,3,Gana Mas,92,43,76,True
92,2020-09-21,2020-09-27,6,Quiniela Leidsa,76,34,68,True
42,2020-09-29,2020-10-03,4,Quiniela Loteka,29,41,63,True
46,2020-10-01,2020-10-07,6,New York 10:30,7,42,44,True
46,2020-10-01,2020-10-07,6,New York 10:30,22,44,42,True
46,2020-10-01,2020-10-07,6,New York 10:30,48,36,93,True
46,2020-10-01,2020-10-07,6,New York 10:30,70,44,42,True
22,2020-10-07,2020-10-12,5,Quiniela Real,57,30,91,True
22,2020-10-07,2020-10-12,5,Quiniela Real,69,45,91,True
69,2020-10-12,2020-10-13,1,Quiniela Leidsa,41,39,89,True
81,2020-10-17,2020-10-18,1,Quiniela Loteka,52,38,81,True
81,2020-10-17,2020-10-18,1,Quiniela Loteka,63,38,90,True
20,2020-10-24,2020-10-29,5,Loteria Nacional,58,46,94,True
58,2020-10-29,2020-11-03,5,New York 2:30,56,40,41,True
19,2020-11-02,2020-11-03,1,Quiniela Real,56,40,41,True
91,2020-10-31,2020-11-01,1,Quiniela Loteka,68,47,76,True
65,2020-11-10,2020-11-12,2,Gana Mas,42,37,90,True
42,2020-11-12,2020-11-18,6,Quiniela Real,63,38,9,True
9,2020-11-13,2020-11-18,5,New York 10:30,63,38,9,True
46,2020-11-13,2020-11-20,7,Quiniela Loteka,86,35,46,True
46,2020-11-13,2020-11-20,7,Quiniela Loteka,90,46,35,True
63,2020-11-18,2020-11-20,2,Gana Mas,86,35,46,True
63,2020-11-18,2020-11-20,2,Gana Mas,90,46,35,True
85,2020-11-17,2020-11-19,2,Loteria Nacional,48,36,97,True
48,2020-11-19,2020-11-22,3,New York 10:30,7,42,63,True
86,2020-11-20,2020-11-22,2,Quiniela Leidsa,7,42,63,True
90,2020-11-20,2020-11-23,3,Loteria Nacional,92,43,76,True
8,2020-12-14,2020-12-19,5,Quiniela Real,35,49,7,True
27,2020-12-15,2020-12-20,5,Gana Mas,79,47,88,True
73,2020-12-18,2020-12-22,4,Loteria Nacional,77,32,73,True
57,2021-01-03,2021-01-07,4,Quiniela Leidsa,5,37,50,True
70,2021-01-06,2021-01-07,1,Quiniela Loteka,5,37,50,True
73,2021-01-11,2021-01-13,2,Quiniela Leidsa,68,47,76,True
73,2021-01-11,2021-01-13,2,Quiniela Leidsa,79,47,67,True
90,2021-01-16,2021-01-17,1,Quiniela Leidsa,60,43,6,True
73,2021-01-20,2021-01-25,5,New York 10:30,59,44,34,True
11,2021-02-08,2021-02-10,2,Quiniela Loteka,9,39,29,True
11,2021-02-08,2021-02-10,2,Quiniela Loteka,41,39,12,True
11,2021-02-08,2021-02-10,2,Quiniela Loteka,69,45,11,True
29,2021-02-08,2021-02-09,1,Gana Mas,9,39,42,True
29,2021-02-08,2021-02-09,1,Gana Mas,41,39,12,True
29,2021-02-08,2021-02-09,1,Gana Mas,50,42,5,True
29,2021-02-08,2021-02-09,1,Gana Mas,62,39,75,True
29,2021-02-08,2021-02-09,1,Gana Mas,71,42,12,True
50,2021-02-09,2021-02-15,6,New York 10:30,44,43,29,True
50,2021-02-09,2021-02-15,6,New York 10:30,81,43,52,True
50,2021-02-09,2021-02-15,6,New York 10:30,90,46,29,True
62,2021-02-09,2021-02-12,3,Gana Mas,9,39,29,True
62,2021-02-09,2021-02-12,3,Gana Mas,14,39,54,True
9,2021-02-12,2021-02-18,6,Quiniela Leidsa,7,42,9,True
9,2021-02-12,2021-02-18,6,Quiniela Leidsa,32,36,45,True
9,2021-02-12,2021-02-18,6,Quiniela Leidsa,48,36,93,True
27,2021-02-13,2021-02-18,5,Quiniela Loteka,7,42,9,True
27,2021-02-13,2021-02-18,5,Quiniela Loteka,32,36,45,True
27,2021-02-13,2021-02-18,5,Quiniela Loteka,48,36,93,True
81,2021-02-15,2021-02-16,1,Loteria Nacional,58,46,84,True
81,2021-02-15,2021-02-16,1,Loteria Nacional,73,48,23,True
88,2021-02-17,2021-02-22,5,New York 10:30,27,26,76,True
88,2021-02-17,2021-02-22,5,New York 10:30,34,51,26,True
88,2021-02-17,2021-02-22,5,New York 10:30,51,40,21,True
88,2021-02-17,2021-02-22,5,New York 10:30,72,40,26,True
48,2021-02-18,2021-02-20,2,New York 2:30,53,28,29,True
48,2021-02-18,2021-02-20,2,New York 2:30,63,38,29,True
65,2021-02-27,2021-03-03,4,Gana Mas,37,46,65,True
72,2021-03-09,2021-03-14,5,New York 2:30,22,44,7,True
72,2021-03-09,2021-03-14,5,New York 2:30,70,44,7,True
72,2021-03-09,2021-03-14,5,New York 2:30,90,46,7,True
72,2021-03-09,2021-03-14,5,New York 2:30,91,44,69,True
48,2021-03-13,2021-03-14,1,Quiniela Real,22,44,7,True
48,2021-03-13,2021-03-14,1,Quiniela Real,70,44,7,True
48,2021-03-13,2021-03-14,1,Quiniela Real,90,46,7,True
48,2021-03-13,2021-03-14,1,Quiniela Real,91,44,69,True
37,2021-03-12,2021-03-15,3,Gana Mas,9,39,22,True
37,2021-03-12,2021-03-15,3,Gana Mas,32,36,45,True
22,2021-03-14,2021-03-15,1,Loteria Nacional,9,39,22,True
22,2021-03-14,2021-03-15,1,Loteria Nacional,32,36,45,True
91,2021-03-14,2021-03-15,1,Quiniela Leidsa,9,39,22,True
91,2021-03-14,2021-03-15,1,Quiniela Leidsa,32,36,45,True
71,2021-03-12,2021-03-13,1,Gana Mas,32,36,45,True
71,2021-03-12,2021-03-13,1,Gana Mas,48,36,97,True
90,2021-03-14,2021-03-21,7,Gana Mas,44,43,22,True
90,2021-03-14,2021-03-21,7,Gana Mas,92,43,27,True
9,2021-03-15,2021-03-20,5,Quiniela Leidsa,13,41,17,True
29,2021-03-18,2021-03-25,7,New York 2:30,35,49,44,True
29,2021-03-22,2021-03-25,3,New York 2:30,35,49,44,True
71,2021-03-18,2021-03-19,1,Quiniela Leidsa,42,37,44,True
13,2021-03-20,2021-03-23,3,Quiniela Loteka,53,28,9,True
13,2021-03-20,2021-03-23,3,Quiniela Loteka,73,48,28,True
92,2021-03-21,2021-03-23,2,Quiniela Real,53,28,9,True
92,2021-03-21,2021-03-23,2,Quiniela Real,73,48,28,True
73,2021-03-22,2021-03-23,1,New York 2:30,53,28,9,True
44,2021-03-21,2021-03-22,1,Gana Mas,29,41,35,True
44,2021-03-21,2021-03-22,1,Gana Mas,53,28,35,True
44,2021-03-21,2021-03-22,1,Gana Mas,73,48,28,True
44,2021-03-21,2021-03-22,1,Gana Mas,89,48,41,True
44,2021-03-21,2021-03-22,1,Gana Mas,93,41,48,True
53,2021-03-22,2021-03-24,2,Quiniela Real,48,36,93,True
93,2021-03-22,2021-03-24,2,New York 10:30,48,36,93,True
53,2021-03-23,2021-03-24,1,Quiniela Real,48,36,93,True
44,2021-03-27,2021-04-01,5,New York 2:30,90,46,22,True
56,2021-04-13,2021-04-17,4,Quiniela Leidsa,7,42,22,True
56,2021-04-13,2021-04-17,4,Quiniela Leidsa,23,42,28,True
56,2021-04-13,2021-04-17,4,Quiniela Leidsa,26,28,59,True
56,2021-04-13,2021-04-17,4,Quiniela Leidsa,53,28,22,True
56,2021-04-13,2021-04-17,4,Quiniela Leidsa,90,46,22,True
23,2021-04-17,2021-04-20,3,Gana Mas,6,35,60,True
23,2021-04-17,2021-04-20,3,Gana Mas,22,44,35,True
23,2021-04-17,2021-04-20,3,Gana Mas,29,41,35,True
23,2021-04-17,2021-04-20,3,Gana Mas,70,44,35,True
23,2021-04-17,2021-04-20,3,Gana Mas,89,48,41,True
23,2021-04-17,2021-04-20,3,Gana Mas,93,41,48,True
53,2021-04-17,2021-04-23,6,New York 2:30,12,43,56,True
53,2021-04-17,2021-04-23,6,New York 2:30,44,43,53,True
53,2021-04-17,2021-04-23,6,New York 2:30,63,38,53,True
22,2021-04-20,2021-04-24,4,New York 2:30,9,39,29,True
22,2021-04-20,2021-04-24,4,New York 2:30,41,39,71,True
89,2021-04-20,2021-04-24,4,Quiniela Loteka,9,39,29,True
89,2021-04-20,2021-04-24,4,Quiniela Loteka,41,39,71,True
63,2021-04-23,2021-04-29,6,Quiniela Real,9,39,53,True
63,2021-04-23,2021-04-29,6,Quiniela Real,20,38,2,True
44,2021-04-28,2021-05-03,5,Gana Mas,35,49,53,True
44,2021-04-28,2021-05-03,5,Gana Mas,56,40,12,True
44,2021-04-28,2021-05-03,5,Gana Mas,69,45,57,True
9,2021-04-29,2021-05-03,4,Gana Mas,35,49,53,True
9,2021-04-29,2021-05-03,4,Gana Mas,56,40,12,True
9,2021-04-29,2021-05-03,4,Gana Mas,69,45,57,True
9,2021-04-30,2021-05-03,3,Gana Mas,35,49,53,True
9,2021-04-30,2021-05-03,3,Gana Mas,56,40,12,True
9,2021-04-30,2021-05-03,3,Gana Mas,69,45,57,True
20,2021-04-29,2021-04-30,1,New York 10:30,9,39,70,True
20,2021-04-29,2021-04-30,1,New York 10:30,42,37,70,True
20,2021-04-29,2021-04-30,1,New York 10:30,82,33,37,True
63,2021-04-29,2021-05-01,2,New York 2:30,27,26,92,True
34,2021-05-07,2021-05-10,3,Gana Mas,31,38,74,True
34,2021-05-07,2021-05-10,3,Gana Mas,76,34,27,True
35,2021-05-08,2021-05-11,3,Quiniela Loteka,12,43,41,True
35,2021-05-08,2021-05-11,3,Quiniela Loteka,29,41,70,True
35,2021-05-08,2021-05-11,3,Quiniela Loteka,44,43,70,True
35,2021-05-08,2021-05-11,3,Quiniela Loteka,81,43,52,True
31,2021-05-10,2021-05-14,4,New York 10:30,7,42,63,True
44,2021-05-11,2021-05-15,4,Quiniela Loteka,35,49,44,True
44,2021-05-11,2021-05-15,4,Quiniela Loteka,53,28,44,True
81,2021-05-11,2021-05-12,1,Quiniela Real,82,33,65,True
83,2021-05-21,2021-05-23,2,Quiniela Leidsa,34,51,59,True
17,2021-05-25,2021-05-29,4,Quiniela Leidsa,28,43,23,True
76,2021-05-25,2021-05-28,3,Quiniela Loteka,35,49,7,True
28,2021-05-29,2021-06-04,6,Quiniela Loteka,22,44,7,True
28,2021-05-29,2021-06-04,6,Quiniela Loteka,70,44,7,True
9,2021-06-02,2021-06-07,5,Gana Mas,42,37,9,True
9,2021-06-02,2021-06-07,5,Gana Mas,65,52,37,True
88,2021-06-03,2021-06-07,4,New York 10:30,9,39,90,True
88,2021-06-03,2021-06-07,4,New York 10:30,42,37,9,True
88,2021-06-03,2021-06-07,4,New York 10:30,65,52,37,True
42,2021-06-07,2021-06-10,3,New York 2:30,35,49,90,True
42,2021-06-07,2021-06-10,3,New York 2:30,89,48,12,True
65,2021-06-07,2021-06-08,1,Gana Mas,30,39,3,True
52,2021-06-16,2021-06-19,3,Quiniela Leidsa,69,45,57,True
7,2021-06-25,2021-06-27,2,Loteria Nacional,91,44,69,True
44,2021-06-25,2021-06-27,2,Gana Mas,91,44,69,True
42,2021-07-03,2021-07-07,4,New York 10:30,7,42,90,True
42,2021-07-03,2021-07-07,4,New York 10:30,29,41,42,True
42,2021-07-03,2021-07-07,4,New York 10:30,68,47,92,True
42,2021-07-03,2021-07-07,4,New York 10:30,71,42,41,True
29,2021-07-07,2021-07-12,5,New York 10:30,63,38,29,True
29,2021-07-07,2021-07-12,5,New York 10:30,90,46,29,True
90,2021-07-12,2021-07-18,6,Quiniela Loteka,69,45,11,True
7,2021-07-13,2021-07-18,5,New York 2:30,69,45,11,True
7,2021-07-17,2021-07-18,1,New York 2:30,69,45,11,True
29,2021-07-14,2021-07-17,3,New York 2:30,7,42,29,True
29,2021-07-14,2021-07-17,3,New York 2:30,50,42,5,True
69,2021-07-18,2021-07-20,2,New York 2:30,52,38,85,True
7,2021-08-10,2021-08-11,1,New York 10:30,35,49,7,True
71,2021-08-10,2021-08-11,1,New York 2:30,35,49,7,True
23,2021-08-10,2021-08-16,6,New York 10:30,76,34,92,True
53,2021-08-10,2021-08-16,6,Quiniela Leidsa,76,34,92,True
35,2021-08-11,2021-08-16,5,New York 2:30,76,34,92,True
29,2021-08-22,2021-08-26,4,Gana Mas,8,40,80,True
29,2021-08-22,2021-08-26,4,Gana Mas,42,37,7,True
29,2021-08-22,2021-08-26,4,Gana Mas,72,40,59,True
93,2021-08-23,2021-08-26,3,Quiniela Real,8,40,80,True
93,2021-08-23,2021-08-26,3,Quiniela Real,42,37,7,True
93,2021-08-23,2021-08-26,3,Quiniela Real,72,40,59,True
89,2021-08-23,2021-08-24,1,Quiniela Leidsa,46,39,19,True
8,2021-08-26,2021-08-28,2,Quiniela Loteka,26,28,72,True
8,2021-08-26,2021-08-28,2,Quiniela Loteka,73,48,28,True
89,2021-08-27,2021-08-28,1,Quiniela Real,26,28,72,True
89,2021-08-27,2021-08-28,1,Quiniela Real,73,48,28,True
72,2021-08-26,2021-08-27,1,Quiniela Leidsa,89,48,71,True
79,2021-08-29,2021-08-31,2,Quiniela Loteka,9,39,70,True
79,2021-08-29,2021-08-31,2,Quiniela Loteka,30,39,3,True
59,2021-09-06,2021-09-08,2,Quiniela Leidsa,44,43,70,True
59,2021-09-06,2021-09-08,2,Quiniela Leidsa,92,43,68,True
7,2021-09-12,2021-09-18,6,New York 2:30,63,38,22,True
7,2021-09-12,2021-09-18,6,New York 2:30,97,52,93,True
7,2021-09-12,2021-09-18,6,New York 2:30,100,38,1,True
23,2021-09-12,2021-09-18,6,Loteria Nacional,63,38,22,True
23,2021-09-12,2021-09-18,6,Loteria Nacional,97,52,93,True
23,2021-09-12,2021-09-18,6,Loteria Nacional,100,38,1,True
29,2021-09-19,2021-09-25,6,New York 2:30,90,46,29,True
27,2021-09-21,2021-09-23,2,Loteria Nacional,53,28,9,True
27,2021-09-21,2021-09-23,2,Loteria Nacional,84,47,58,True
53,2021-09-23,2021-09-28,5,Gana Mas,8,40,80,True
53,2021-09-23,2021-09-28,5,Gana Mas,67,40,79,True
84,2021-09-23,2021-09-26,3,New York 10:30,35,49,22,True
8,2021-09-28,2021-09-29,1,New York 10:30,29,41,9,True
67,2021-09-28,2021-09-29,1,Loteria Nacional,29,41,9,True
56,2021-09-30,2021-10-01,1,Quiniela Loteka,28,43,23,True
56,2021-09-30,2021-10-01,1,Quiniela Loteka,44,43,53,True
28,2021-10-01,2021-10-04,3,Quiniela Real,9,39,35,True
28,2021-10-01,2021-10-04,3,Quiniela Real,11,35,69,True
35,2021-10-02,2021-10-04,2,Quiniela Real,9,39,35,True
35,2021-10-02,2021-10-04,2,Quiniela Real,11,35,69,True
63,2021-10-02,2021-10-04,2,Gana Mas,9,39,35,True
63,2021-10-02,2021-10-04,2,Gana Mas,11,35,69,True
63,2021-10-13,2021-10-15,2,Loteria Nacional,94,39,84,True
26,2021-10-16,2021-10-17,1,Quiniela Loteka,21,28,51,True
26,2021-10-16,2021-10-17,1,Quiniela Loteka,34,51,26,True
26,2021-10-16,2021-10-17,1,Quiniela Loteka,37,46,82,True
69,2021-10-16,2021-10-20,4,Quiniela Leidsa,67,40,88,True
12,2021-10-18,2021-10-21,3,New York 2:30,68,47,27,True
41,2021-10-18,2021-10-21,3,Quiniela Real,68,47,27,True
67,2021-10-20,2021-10-25,5,Loteria Nacional,71,42,56,True
44,2021-10-31,2021-11-01,1,Gana Mas,14,39,54,True
44,2021-10-31,2021-11-01,1,Gana Mas,30,39,3,True
44,2021-10-31,2021-11-01,1,Gana Mas,41,39,56,True
14,2021-11-01,2021-11-04,3,Gana Mas,57,30,11,True
30,2021-11-01,2021-11-04,3,Quiniela Real,57,30,11,True
41,2021-11-01,2021-11-05,4,Quiniela Leidsa,32,36,45,True
57,2021-11-04,2021-11-08,4,Quiniela Loteka,73,48,28,True
73,2021-11-08,2021-11-09,1,New York 10:30,42,37,44,True
22,2021-11-11,2021-11-14,3,Quiniela Real,1,34,10,True
29,2021-11-25,2021-12-01,6,Quiniela Real,41,39,56,True
9,2021-12-06,2021-12-07,1,Quiniela Leidsa,28,43,23,True
35,2021-12-16,2021-12-21,5,New York 10:30,7,42,35,True
35,2021-12-16,2021-12-21,5,New York 10:30,44,43,35,True
35,2021-12-17,2021-12-21,4,New York 10:30,7,42,35,True
35,2021-12-17,2021-12-21,4,New York 10:30,44,43,35,True
26,2021-12-31,2022-01-06,6,Loteria Nacional,1,34,10,True
26,2021-12-31,2022-01-06,6,Loteria Nacional,76,34,92,True
1,2022-01-06,2022-01-08,2,Quiniela Loteka,7,42,9,True
1,2022-01-06,2022-01-08,2,Quiniela Loteka,23,42,77,True
1,2022-01-06,2022-01-08,2,Quiniela Loteka,71,42,56,True
35,2022-01-20,2022-01-21,1,Quiniela Real,42,37,35,True
35,2022-01-20,2022-01-21,1,Quiniela Real,44,43,35,True
35,2022-01-20,2022-01-21,1,Quiniela Real,54,35,14,True
42,2022-01-21,2022-01-22,1,Quiniela Leidsa,23,42,73,True
44,2022-01-21,2022-01-22,1,Gana Mas,23,42,73,True
54,2022-01-21,2022-01-25,4,Quiniela Loteka,22,44,7,True
54,2022-01-21,2022-01-25,4,Quiniela Loteka,70,44,7,True
70,2022-01-25,2022-01-29,4,Quiniela Loteka,73,48,23,True
70,2022-01-25,2022-01-29,4,Quiniela Loteka,89,48,12,True
70,2022-01-25,2022-01-29,4,Quiniela Loteka,93,41,48,True
87,2022-01-26,2022-01-29,3,Loteria Nacional,73,48,23,True
87,2022-01-26,2022-01-29,3,Loteria Nacional,89,48,12,True
87,2022-01-26,2022-01-29,3,Loteria Nacional,93,41,48,True
93,2022-01-29,2022-02-02,4,Quiniela Leidsa,73,48,23,True
93,2022-01-29,2022-02-02,4,Quiniela Leidsa,89,48,71,True
92,2022-02-15,2022-02-16,1,New York 2:30,9,39,22,True
92,2022-02-15,2022-02-16,1,New York 2:30,46,39,86,True
40,2022-02-22,2022-02-25,3,Quiniela Real,13,41,17,True
40,2022-02-22,2022-02-25,3,Quiniela Real,56,40,41,True
40,2022-02-22,2022-02-25,3,Quiniela Real,89,48,41,True
40,2022-02-22,2022-02-25,3,Quiniela Real,93,41,48,True
48,2022-02-22,2022-02-25,3,New York 10:30,13,41,17,True
48,2022-02-22,2022-02-25,3,New York 10:30,56,40,41,True
48,2022-02-22,2022-02-25,3,New York 10:30,89,48,41,True
48,2022-02-22,2022-02-25,3,New York 10:30,93,41,48,True
13,2022-02-25,2022-03-01,4,Loteria Nacional,70,44,22,True
13,2022-02-25,2022-03-01,4,Loteria Nacional,75,44,62,True
53,2022-02-28,2022-03-01,1,Gana Mas,70,44,22,True
53,2022-02-28,2022-03-01,1,Gana Mas,75,44,62,True
70,2022-02-28,2022-03-01,1,Quiniela Real,75,44,62,True
89,2022-02-25,2022-02-28,3,Quiniela Loteka,26,28,72,True
89,2022-02-25,2022-02-28,3,Quiniela Loteka,53,28,22,True
89,2022-02-25,2022-02-28,3,Quiniela Loteka,59,44,26,True
89,2022-02-25,2022-02-28,3,Quiniela Loteka,63,38,22,True
89,2022-02-25,2022-02-28,3,Quiniela Loteka,70,44,22,True
93,2022-02-25,2022-02-26,1,Quiniela Leidsa,29,41,22,True
26,2022-02-28,2022-03-07,7,Loteria Nacional,3,31,83,True
70,2022-03-05,2022-03-07,2,Quiniela Loteka,3,31,83,True
63,2022-02-28,2022-03-05,5,Quiniela Leidsa,22,44,7,True
63,2022-02-28,2022-03-05,5,Quiniela Leidsa,70,44,7,True
63,2022-02-28,2022-03-05,5,Quiniela Leidsa,74,46,31,True
63,2022-02-28,2022-03-05,5,Quiniela Leidsa,90,46,7,True
44,2022-03-03,2022-03-05,2,Quiniela Real,22,44,7,True
44,2022-03-03,2022-03-05,2,Quiniela Real,70,44,7,True
44,2022-03-03,2022-03-05,2,Quiniela Real,74,46,31,True
44,2022-03-03,2022-03-05,2,Quiniela Real,90,46,7,True
81,2022-03-03,2022-03-05,2,New York 2:30,22,44,7,True
81,2022-03-03,2022-03-05,2,New York 2:30,70,44,7,True
81,2022-03-03,2022-03-05,2,New York 2:30,74,46,31,True
81,2022-03-03,2022-03-05,2,New York 2:30,90,46,7,True
70,2022-03-01,2022-03-03,2,Quiniela Leidsa,44,43,7,True
70,2022-03-01,2022-03-03,2,Quiniela Leidsa,81,43,52,True
22,2022-03-05,2022-03-09,4,New York 2:30,48,36,93,True
3,2022-03-07,2022-03-08,1,Quiniela Leidsa,20,38,2,True
22,2022-03-11,2022-03-14,3,New York 10:30,41,39,71,True
22,2022-03-11,2022-03-14,3,New York 10:30,82,33,65,True
70,2022-03-11,2022-03-12,1,Quiniela Loteka,69,45,91,True
41,2022-03-14,2022-03-17,3,Quiniela Loteka,7,42,9,True
41,2022-03-14,2022-03-17,3,Quiniela Loteka,50,42,5,True
82,2022-03-14,2022-03-17,3,Quiniela Leidsa,7,42,9,True
82,2022-03-14,2022-03-17,3,Quiniela Leidsa,50,42,5,True
21,2022-03-22,2022-03-24,2,Gana Mas,89,48,12,True
50,2022-03-23,2022-03-29,6,New York 2:30,80,45,8,True
44,2022-03-28,2022-03-29,1,Gana Mas,80,45,8,True
90,2022-03-28,2022-03-29,1,New York 10:30,80,45,8,True
68,2022-03-25,2022-03-28,3,New York 10:30,44,43,53,True
68,2022-03-25,2022-03-28,3,New York 10:30,90,46,53,True
69,2022-03-25,2022-04-01,7,Loteria Nacional,90,46,9,True
29,2022-03-27,2022-04-01,5,Quiniela Real,90,46,9,True
29,2022-03-31,2022-04-01,1,Quiniela Real,90,46,9,True
70,2022-03-31,2022-04-04,4,Gana Mas,89,48,41,True
70,2022-03-31,2022-04-04,4,Gana Mas,93,41,48,True
8,2022-04-02,2022-04-04,2,Quiniela Loteka,89,48,41,True
8,2022-04-02,2022-04-04,2,Quiniela Loteka,93,41,48,True
90,2022-04-01,2022-04-02,1,Quiniela Leidsa,8,40,80,True
93,2022-04-04,2022-04-11,7,Gana Mas,88,31,79,True
93,2022-04-06,2022-04-11,5,Gana Mas,88,31,79,True
70,2022-04-17,2022-04-21,4,New York 10:30,71,42,56,True
58,2022-04-23,2022-04-24,1,New York 2:30,7,42,90,True
58,2022-04-23,2022-04-24,1,New York 2:30,84,47,58,True
90,2022-04-23,2022-04-24,1,Quiniela Leidsa,7,42,90,True
90,2022-04-23,2022-04-24,1,Quiniela Leidsa,84,47,58,True
22,2022-04-29,2022-04-30,1,Quiniela Leidsa,52,38,81,True
22,2022-04-29,2022-04-30,1,Quiniela Leidsa,63,38,29,True
22,2022-04-29,2022-04-30,1,Quiniela Leidsa,85,36,81,True
58,2022-05-01,2022-05-04,3,New York 10:30,77,32,28,True
58,2022-05-01,2022-05-04,3,New York 10:30,83,49,3,True
83,2022-05-04,2022-05-06,2,Quiniela Leidsa,35,49,22,True
83,2022-05-04,2022-05-06,2,Quiniela Leidsa,44,43,22,True
90,2022-05-23,2022-05-26,3,Loteria Nacional,1,34,10,True
90,2022-05-23,2022-05-26,3,Loteria Nacional,26,28,34,True
90,2022-05-23,2022-05-26,3,Loteria Nacional,53,28,63,True
71,2022-05-24,2022-05-31,7,Quiniela Leidsa,81,43,85,True
1,2022-05-26,2022-05-31,5,Quiniela Real,81,43,85,True
86,2022-05-27,2022-05-31,4,Loteria Nacional,81,43,85,True
26,2022-05-26,2022-05-27,1,New York 2:30,6,35,60,True
26,2022-05-26,2022-05-27,1,New York 2:30,86,35,46,True
26,2022-05-26,2022-05-27,1,New York 2:30,90,46,35,True
53,2022-05-26,2022-06-02,7,Quiniela Leidsa,26,28,72,True
53,2022-05-29,2022-06-02,4,Quiniela Leidsa,26,28,72,True
28,2022-06-01,2022-06-02,1,New York 2:30,26,28,72,True
28,2022-06-01,2022-06-02,1,New York 2:30,53,28,90,True
72,2022-06-01,2022-06-02,1,Quiniela Leidsa,26,28,72,True
72,2022-06-01,2022-06-02,1,Quiniela Leidsa,53,28,90,True
90,2022-05-27,2022-05-29,2,Quiniela Real,53,28,44,True
81,2022-05-31,2022-06-01,1,Quiniela Real,28,43,87,True
81,2022-05-31,2022-06-01,1,Quiniela Real,72,40,34,True
81,2022-05-31,2022-06-01,1,Quiniela Real,73,48,87,True
73,2022-06-01,2022-06-06,5,New York 2:30,53,28,35,True
42,2022-06-04,2022-06-06,2,Gana Mas,53,28,35,True
28,2022-06-05,2022-06-06,1,Gana Mas,53,28,35,True
53,2022-06-02,2022-06-05,3,Gana Mas,28,43,87,True
53,2022-06-02,2022-06-05,3,Gana Mas,44,43,22,True
53,2022-06-02,2022-06-05,3,Gana Mas,77,32,87,True
53,2022-06-06,2022-06-07,1,Gana Mas,35,49,53,True
53,2022-06-06,2022-06-07,1,Gana Mas,42,37,53,True
42,2022-06-07,2022-06-08,1,Loteria Nacional,44,43,29,True
84,2022-06-10,2022-06-16,6,New York 2:30,35,49,22,True
84,2022-06-10,2022-06-16,6,New York 2:30,63,38,22,True
84,2022-06-10,2022-06-16,6,New York 2:30,70,44,22,True
84,2022-06-10,2022-06-16,6,New York 2:30,91,44,57,True
27,2022-06-11,2022-06-16,5,Quiniela Loteka,35,49,22,True
27,2022-06-11,2022-06-16,5,Quiniela Loteka,63,38,22,True
27,2022-06-11,2022-06-16,5,Quiniela Loteka,70,44,22,True
27,2022-06-11,2022-06-16,5,Quiniela Loteka,91,44,57,True
53,2022-06-26,2022-06-27,1,Quiniela Loteka,9,39,42,True
63,2022-06-30,2022-07-03,3,Quiniela Leidsa,42,37,29,True
63,2022-06-30,2022-07-03,3,Quiniela Leidsa,53,28,29,True
51,2022-07-05,2022-07-07,2,Quiniela Real,90,46,63,True
10,2022-07-06,2022-07-13,7,Gana Mas,42,37,63,True
41,2022-07-23,2022-07-24,1,New York 10:30,29,41,9,True
79,2022-07-25,2022-07-31,6,Quiniela Real,29,41,7,True
7,2022-07-28,2022-07-31,3,Quiniela Loteka,29,41,7,True
29,2022-07-31,2022-08-05,5,Quiniela Loteka,41,39,56,True
14,2022-08-07,2022-08-08,1,Quiniela Leidsa,85,36,81,True
7,2022-08-09,2022-08-10,1,New York 10:30,56,40,12,True
7,2022-08-17,2022-08-19,2,New York 10:30,29,41,44,True
79,2022-08-17,2022-08-23,6,New York 2:30,5,37,50,True
79,2022-08-17,2022-08-23,6,New York 2:30,42,37,22,True
42,2022-08-23,2022-08-28,5,Quiniela Real,7,42,29,True
42,2022-08-23,2022-08-28,5,Quiniela Real,29,41,7,True
42,2022-08-23,2022-08-28,5,Quiniela Real,71,42,41,True
42,2022-08-23,2022-08-28,5,Quiniela Real,89,48,41,True
42,2022-08-23,2022-08-28,5,Quiniela Real,93,41,48,True
22,2022-08-25,2022-08-28,3,Quiniela Real,7,42,29,True
22,2022-08-25,2022-08-28,3,Quiniela Real,29,41,7,True
22,2022-08-25,2022-08-28,3,Quiniela Real,71,42,41,True
22,2022-08-25,2022-08-28,3,Quiniela Real,89,48,41,True
22,2022-08-25,2022-08-28,3,Quiniela Real,93,41,48,True
7,2022-08-28,2022-08-31,3,Loteria Nacional,23,42,73,True
42,2022-08-30,2022-08-31,1,Quiniela Real,23,42,73,True
93,2022-08-28,2022-09-02,5,Quiniela Leidsa,22,44,63,True
93,2022-08-28,2022-09-02,5,Quiniela Leidsa,35,49,44,True
93,2022-08-28,2022-09-02,5,Quiniela Leidsa,70,44,63,True
25,2022-08-30,2022-09-02,3,Loteria Nacional,22,44,63,True
25,2022-08-30,2022-09-02,3,Loteria Nacional,35,49,44,True
25,2022-08-30,2022-09-02,3,Loteria Nacional,70,44,63,True
22,2022-09-02,2022-09-03,1,Gana Mas,35,49,42,True
53,2022-09-08,2022-09-09,1,Quiniela Leidsa,14,39,54,True
53,2022-09-08,2022-09-09,1,Quiniela Leidsa,94,39,84,True
93,2022-09-10,2022-09-11,1,New York 2:30,56,40,12,True
7,2022-09-15,2022-09-17,2,Quiniela Leidsa,52,38,85,True
7,2022-09-15,2022-09-17,2,Quiniela Leidsa,63,38,7,True
23,2022-09-15,2022-09-17,2,Quiniela Leidsa,52,38,85,True
23,2022-09-15,2022-09-17,2,Quiniela Leidsa,63,38,7,True
39,2022-09-18,2022-09-22,4,Loteria Nacional,67,40,88,True
39,2022-09-18,2022-09-22,4,Loteria Nacional,89,48,56,True
67,2022-09-22,2022-09-27,5,Quiniela Loteka,12,43,71,True
67,2022-09-22,2022-09-27,5,Quiniela Loteka,28,43,73,True
67,2022-09-22,2022-09-27,5,Quiniela Loteka,92,43,27,True
53,2022-10-02,2022-10-06,4,Quiniela Leidsa,27,26,76,True
9,2022-10-09,2022-10-12,3,Quiniela Loteka,63,38,9,True
9,2022-10-09,2022-10-12,3,Quiniela Loteka,100,38,10,True
9,2022-10-11,2022-10-12,1,Quiniela Loteka,63,38,9,True
9,2022-10-11,2022-10-12,1,Quiniela Loteka,100,38,10,True
48,2022-10-09,2022-10-13,4,Quiniela Loteka,39,33,78,True
71,2022-10-11,2022-10-18,7,New York 2:30,56,40,12,True
87,2022-10-14,2022-10-18,4,Loteria Nacional,56,40,12,True
63,2022-10-12,2022-10-16,4,New York 10:30,28,43,77,True
63,2022-10-12,2022-10-16,4,New York 10:30,44,43,63,True
82,2022-10-14,2022-10-16,2,Quiniela Leidsa,28,43,77,True
82,2022-10-14,2022-10-16,2,Quiniela Leidsa,44,43,63,True
28,2022-10-16,2022-10-17,1,New York 10:30,5,37,50,True
63,2022-10-22,2022-10-28,6,Loteria Nacional,51,40,21,True
42,2022-10-23,2022-10-26,3,Quiniela Loteka,44,43,29,True
42,2022-10-23,2022-10-26,3,Quiniela Loteka,69,45,11,True
44,2022-10-26,2022-10-29,3,Loteria Nacional,63,38,44,True
44,2022-10-26,2022-10-29,3,Loteria Nacional,75,44,62,True
89,2022-10-27,2022-10-29,2,Loteria Nacional,63,38,44,True
89,2022-10-27,2022-10-29,2,Loteria Nacional,75,44,62,True
69,2022-10-26,2022-10-27,1,Quiniela Loteka,23,42,73,True
69,2022-10-26,2022-10-27,1,Quiniela Loteka,71,42,56,True
69,2022-10-26,2022-10-27,1,Quiniela Loteka,89,48,56,True
69,2022-10-26,2022-10-27,1,Quiniela Loteka,90,46,42,True
23,2022-10-27,2022-10-30,3,Loteria Nacional,80,45,8,True
23,2022-10-27,2022-10-30,3,Loteria Nacional,84,47,94,True
90,2022-10-27,2022-10-30,3,Quiniela Leidsa,80,45,8,True
90,2022-10-27,2022-10-30,3,Quiniela Leidsa,84,47,94,True
51,2022-10-28,2022-10-31,3,Gana Mas,44,43,9,True
44,2022-10-31,2022-11-03,3,New York 10:30,29,41,22,True
44,2022-10-31,2022-11-03,3,New York 10:30,79,47,67,True
45,2022-11-16,2022-11-17,1,Quiniela Loteka,92,43,68,True
92,2022-11-17,2022-11-20,3,Quiniela Leidsa,35,49,7,True
92,2022-11-17,2022-11-20,3,Quiniela Leidsa,44,43,7,True
9,2022-11-28,2022-11-30,2,New York 2:30,22,44,9,True
9,2022-11-28,2022-11-30,2,New York 2:30,70,44,9,True
70,2022-11-30,2022-12-06,6,New York 2:30,63,38,9,True
42,2022-12-01,2022-12-03,2,New York 2:30,3,31,30,True
42,2022-12-01,2022-12-03,2,New York 2:30,83,49,30,True
63,2022-12-06,2022-12-12,6,Quiniela Leidsa,57,30,69,True
7,2022-12-07,2022-12-13,6,Quiniela Real,8,40,80,True
9,2022-12-11,2022-12-13,2,Loteria Nacional,8,40,80,True
34,2022-12-08,2022-12-15,7,Quiniela Loteka,35,49,9,True
87,2022-12-18,2022-12-22,4,Quiniela Loteka,7,42,22,True
87,2022-12-18,2022-12-22,4,Quiniela Loteka,22,44,42,True
87,2022-12-18,2022-12-22,4,Quiniela Loteka,70,44,22,True
7,2022-12-28,2022-12-29,1,New York 10:30,79,47,67,True
80,2022-12-30,2023-01-03,4,Gana Mas,77,32,28,True
42,2022-12-31,2023-01-06,6,Loteria Nacional,50,42,5,True
10,2023-01-05,2023-01-09,4,New York 2:30,42,37,22,True
65,2023-01-05,2023-01-12,7,New York 10:30,7,42,90,True
65,2023-01-05,2023-01-12,7,New York 10:30,84,47,94,True
42,2023-01-09,2023-01-12,3,New York 2:30,7,42,90,True
42,2023-01-09,2023-01-12,3,New York 2:30,84,47,94,True
42,2023-01-11,2023-01-12,1,New York 2:30,7,42,90,True
42,2023-01-11,2023-01-12,1,New York 2:30,84,47,94,True
35,2023-01-07,2023-01-10,3,New York 10:30,15,29,96,True
35,2023-01-07,2023-01-10,3,New York 10:30,44,43,29,True
63,2023-01-07,2023-01-10,3,Loteria Nacional,15,29,96,True
63,2023-01-07,2023-01-10,3,Loteria Nacional,44,43,29,True
7,2023-01-08,2023-01-10,2,New York 2:30,15,29,96,True
7,2023-01-08,2023-01-10,2,New York 2:30,44,43,29,True
42,2023-01-07,2023-01-08,1,Quiniela Loteka,7,42,53,True
42,2023-01-07,2023-01-08,1,Quiniela Loteka,77,32,23,True
77,2023-01-08,2023-01-11,3,Quiniela Leidsa,42,37,44,True
77,2023-01-08,2023-01-11,3,Quiniela Leidsa,59,44,34,True
77,2023-01-08,2023-01-11,3,Quiniela Leidsa,76,34,27,True
15,2023-01-10,2023-01-11,1,Gana Mas,42,37,44,True
15,2023-01-10,2023-01-11,1,Gana Mas,59,44,34,True
15,2023-01-10,2023-01-11,1,Gana Mas,76,34,27,True
44,2023-01-10,2023-01-11,1,Loteria Nacional,42,37,44,True
44,2023-01-10,2023-01-11,1,Loteria Nacional,59,44,34,True
44,2023-01-10,2023-01-11,1,Loteria Nacional,76,34,27,True
59,2023-01-11,2023-01-14,3,Quiniela Loteka,44,43,9,True
59,2023-01-11,2023-01-14,3,Quiniela Loteka,53,28,9,True
59,2023-01-11,2023-01-14,3,Quiniela Loteka,63,38,9,True
7,2023-01-12,2023-01-17,5,Quiniela Loteka,42,37,7,True
84,2023-01-12,2023-01-13,1,Loteria Nacional,6,35,60,True
42,2023-01-17,2023-01-22,5,Quiniela Real,48,36,93,True
42,2023-01-17,2023-01-22,5,Quiniela Real,85,36,52,True
42,2023-01-17,2023-01-22,5,Quiniela Real,97,52,93,True
15,2023-01-20,2023-01-22,2,Quiniela Loteka,48,36,93,True
15,2023-01-20,2023-01-22,2,Quiniela Loteka,85,36,52,True
15,2023-01-20,2023-01-22,2,Quiniela Loteka,97,52,93,True
97,2023-01-22,2023-01-24,2,Quiniela Leidsa,87,33,73,True
87,2023-01-24,2023-01-26,2,Quiniela Real,23,42,87,True
81,2023-01-25,2023-01-26,1,New York 10:30,23,42,87,True
23,2023-01-26,2023-02-01,6,New York 2:30,35,49,90,True
35,2023-02-01,2023-02-02,1,New York 2:30,45,50,32,True
35,2023-02-01,2023-02-02,1,New York 2:30,58,46,84,True
35,2023-02-01,2023-02-02,1,New York 2:30,94,39,84,True
27,2023-02-08,2023-02-14,6,Quiniela Real,22,44,53,True
27,2023-02-08,2023-02-14,6,Quiniela Real,70,44,53,True
22,2023-02-14,2023-02-16,2,Quiniela Real,29,41,63,True
70,2023-02-14,2023-02-15,1,Quiniela Real,10,37,1,True
69,2023-02-19,2023-02-25,6,Gana Mas,74,46,31,True
70,2023-02-24,2023-02-25,1,Loteria Nacional,74,46,31,True
11,2023-02-20,2023-02-23,3,Quiniela Real,42,37,53,True
25,2023-02-21,2023-02-24,3,Loteria Nacional,22,44,90,True
25,2023-02-21,2023-02-24,3,Loteria Nacional,70,44,90,True
25,2023-02-21,2023-02-24,3,Loteria Nacional,75,44,62,True
42,2023-02-23,2023-02-26,3,Gana Mas,44,43,42,True
42,2023-02-23,2023-02-26,3,Gana Mas,71,42,12,True
42,2023-02-23,2023-02-26,3,Gana Mas,92,43,68,True
92,2023-02-26,2023-03-05,7,Loteria Nacional,85,36,81,True
74,2023-02-27,2023-03-05,6,Quiniela Leidsa,85,36,81,True
7,2023-03-03,2023-03-09,6,New York 2:30,35,49,7,True
90,2023-03-08,2023-03-09,1,Quiniela Real,35,49,7,True
85,2023-03-05,2023-03-07,2,New York 2:30,27,26,76,True
85,2023-03-05,2023-03-07,2,New York 2:30,92,43,76,True
92,2023-03-07,2023-03-14,7,New York 10:30,81,43,85,True
81,2023-03-14,2023-03-20,6,Loteria Nacional,59,44,34,True
23,2023-03-17,2023-03-20,3,Loteria Nacional,59,44,34,True
27,2023-03-16,2023-03-19,3,New York 10:30,22,44,29,True
27,2023-03-16,2023-03-19,3,New York 10:30,70,44,29,True
68,2023-03-16,2023-03-23,7,Quiniela Real,100,38,1,True
79,2023-03-16,2023-03-18,2,Loteria Nacional,28,43,77,True
28,2023-03-18,2023-03-22,4,Quiniela Leidsa,12,43,41,True
28,2023-03-18,2023-03-22,4,Quiniela Leidsa,29,41,22,True
28,2023-03-18,2023-03-22,4,Quiniela Leidsa,44,43,22,True
22,2023-03-19,2023-03-22,3,Quiniela Real,12,43,41,True
22,2023-03-19,2023-03-22,3,Quiniela Real,29,41,22,True
22,2023-03-19,2023-03-22,3,Quiniela Real,44,43,22,True
44,2023-03-22,2023-03-27,5,New York 2:30,53,28,9,True
9,2023-04-01,2023-04-08,7,Quiniela Real,29,41,9,True
28,2023-04-05,2023-04-08,3,New York 10:30,29,41,9,True
41,2023-04-01,2023-04-03,2,Quiniela Real,29,41,35,True
86,2023-04-01,2023-04-05,4,Quiniela Leidsa,28,43,23,True
35,2023-04-12,2023-04-15,3,Quiniela Leidsa,56,40,89,True
7,2023-04-13,2023-04-15,2,New York 2:30,56,40,89,True
56,2023-04-15,2023-04-20,5,Loteria Nacional,17,34,13,True
56,2023-04-15,2023-04-20,5,Loteria Nacional,83,49,30,True
90,2023-04-25,2023-04-27,2,Quiniela Loteka,44,43,7,True
42,2023-04-30,2023-05-04,4,Quiniela Loteka,28,43,73,True
42,2023-04-30,2023-05-04,4,Quiniela Loteka,92,43,68,True
9,2023-05-03,2023-05-06,3,Quiniela Loteka,25,30,16,True
9,2023-05-03,2023-05-06,3,Quiniela Loteka,44,43,9,True
9,2023-05-03,2023-05-06,3,Quiniela Loteka,92,43,27,True
92,2023-05-04,2023-05-05,1,Quiniela Loteka,67,40,88,True
44,2023-05-06,2023-05-07,1,New York 10:30,7,42,63,True
44,2023-05-06,2023-05-07,1,New York 10:30,9,39,42,True
44,2023-05-06,2023-05-07,1,New York 10:30,94,39,84,True
9,2023-05-07,2023-05-14,7,Gana Mas,27,26,76,True
63,2023-05-09,2023-05-15,6,Loteria Nacional,9,39,63,True
63,2023-05-09,2023-05-15,6,Loteria Nacional,41,39,89,True
63,2023-05-09,2023-05-15,6,Loteria Nacional,46,39,86,True
27,2023-05-14,2023-05-16,2,Quiniela Loteka,58,46,94,True
46,2023-05-15,2023-05-16,1,Gana Mas,58,46,94,True
7,2023-05-29,2023-06-03,5,New York 2:30,9,39,7,True
7,2023-05-29,2023-06-03,5,New York 2:30,30,39,83,True
7,2023-05-29,2023-06-03,5,New York 2:30,44,43,7,True
29,2023-05-29,2023-06-03,5,Quiniela Leidsa,9,39,7,True
29,2023-05-29,2023-06-03,5,Quiniela Leidsa,30,39,83,True
29,2023-05-29,2023-06-03,5,Quiniela Leidsa,44,43,7,True
44,2023-06-03,2023-06-10,7,Gana Mas,22,44,9,True
44,2023-06-03,2023-06-10,7,Gana Mas,59,44,34,True
44,2023-06-03,2023-06-10,7,Gana Mas,70,44,9,True
34,2023-06-05,2023-06-10,5,New York 2:30,22,44,9,True
34,2023-06-05,2023-06-10,5,New York 2:30,59,44,34,True
34,2023-06-05,2023-06-10,5,New York 2:30,70,44,9,True
22,2023-06-10,2023-06-13,3,Gana Mas,100,38,1,True
59,2023-06-10,2023-06-13,3,Loteria Nacional,100,38,1,True
84,2023-06-12,2023-06-13,1,Quiniela Loteka,100,38,1,True
14,2023-06-17,2023-06-19,2,Quiniela Leidsa,28,43,73,True
14,2023-06-17,2023-06-19,2,Quiniela Leidsa,44,43,70,True
28,2023-06-19,2023-06-26,7,Quiniela Leidsa,20,38,2,True
28,2023-06-19,2023-06-26,7,Quiniela Leidsa,68,47,76,True
28,2023-06-19,2023-06-26,7,Quiniela Leidsa,79,47,67,True
44,2023-06-19,2023-06-26,7,Gana Mas,20,38,2,True
44,2023-06-19,2023-06-26,7,Gana Mas,68,47,76,True
44,2023-06-19,2023-06-26,7,Gana Mas,79,47,67,True
28,2023-06-23,2023-06-26,3,Quiniela Leidsa,20,38,2,True
28,2023-06-23,2023-06-26,3,Quiniela Leidsa,68,47,76,True
28,2023-06-23,2023-06-26,3,Quiniela Leidsa,79,47,67,True
44,2023-06-23,2023-06-26,3,Gana Mas,20,38,2,True
44,2023-06-23,2023-06-26,3,Gana Mas,68,47,76,True
44,2023-06-23,2023-06-26,3,Gana Mas,79,47,67,True
90,2023-06-24,2023-06-26,2,Quiniela Loteka,20,38,2,True
90,2023-06-24,2023-06-26,2,Quiniela Loteka,68,47,76,True
90,2023-06-24,2023-06-26,2,Quiniela Loteka,79,47,67,True
63,2023-06-23,2023-06-30,7,Quiniela Leidsa,26,28,59,True
63,2023-06-23,2023-06-30,7,Quiniela Leidsa,53,28,7,True
63,2023-06-23,2023-06-30,7,Quiniela Leidsa,87,33,28,True
94,2023-06-29,2023-06-30,1,Gana Mas,26,28,59,True
94,2023-06-29,2023-06-30,1,Gana Mas,53,28,7,True
94,2023-06-29,2023-06-30,1,Gana Mas,87,33,28,True
20,2023-06-26,2023-06-29,3,New York 2:30,9,39,7,True
20,2023-06-26,2023-06-29,3,New York 2:30,94,39,84,True
79,2023-06-26,2023-06-29,3,New York 2:30,9,39,7,True
79,2023-06-26,2023-06-29,3,New York 2:30,94,39,84,True
68,2023-06-26,2023-06-28,2,New York 2:30,22,44,70,True
26,2023-06-30,2023-07-05,5,Gana Mas,62,39,75,True
87,2023-06-30,2023-07-06,6,Loteria Nacional,92,43,27,True
62,2023-07-05,2023-07-07,2,New York 10:30,9,39,63,True
62,2023-07-05,2023-07-07,2,New York 10:30,30,39,3,True
92,2023-07-06,2023-07-07,1,Quiniela Loteka,9,39,63,True
92,2023-07-06,2023-07-07,1,Quiniela Loteka,30,39,3,True
22,2023-07-16,2023-07-20,4,Quiniela Loteka,65,52,37,True
22,2023-07-16,2023-07-20,4,Quiniela Loteka,97,52,93,True
70,2023-07-16,2023-07-18,2,Gana Mas,29,41,63,True
70,2023-07-16,2023-07-18,2,Gana Mas,56,40,41,True
32,2023-07-17,2023-07-19,2,Loteria Nacional,9,39,35,True
56,2023-07-18,2023-07-24,6,Quiniela Real,29,41,42,True
56,2023-07-18,2023-07-24,6,Quiniela Real,63,38,42,True
56,2023-07-18,2023-07-24,6,Quiniela Real,71,42,41,True
26,2023-07-25,2023-08-01,7,Quiniela Leidsa,27,26,68,True
63,2023-07-30,2023-08-05,6,Loteria Nacional,92,43,68,True
74,2023-08-03,2023-08-05,2,Gana Mas,92,43,68,True
27,2023-08-01,2023-08-03,2,Quiniela Real,37,46,65,True
27,2023-08-01,2023-08-03,2,Quiniela Real,74,46,31,True
90,2023-08-09,2023-08-14,5,Quiniela Real,82,33,37,True
90,2023-08-09,2023-08-14,5,Quiniela Real,87,33,73,True
82,2023-08-15,2023-08-16,1,Gana Mas,96,54,15,True
96,2023-08-16,2023-08-19,3,Quiniela Leidsa,16,27,25,True
22,2023-08-18,2023-08-21,3,Quiniela Loteka,79,47,67,True
22,2023-08-18,2023-08-21,3,Quiniela Loteka,90,46,22,True
63,2023-08-25,2023-08-29,4,Quiniela Real,26,28,59,True
63,2023-08-25,2023-08-29,4,Quiniela Real,53,28,7,True
79,2023-08-27,2023-08-29,2,New York 10:30,26,28,59,True
79,2023-08-27,2023-08-29,2,New York 10:30,53,28,7,True
88,2023-08-26,2023-09-01,6,Loteria Nacional,85,36,52,True
84,2023-08-27,2023-08-31,4,Loteria Nacional,92,43,27,True
53,2023-08-29,2023-08-31,2,Loteria Nacional,92,43,27,True
26,2023-08-29,2023-09-04,6,New York 10:30,7,42,35,True
26,2023-08-29,2023-09-04,6,New York 10:30,9,39,35,True
26,2023-08-29,2023-09-04,6,New York 10:30,35,49,42,True
92,2023-08-31,2023-09-06,6,Quiniela Loteka,12,43,41,True
92,2023-08-31,2023-09-06,6,Quiniela Loteka,68,47,76,True
9,2023-09-04,2023-09-05,1,Loteria Nacional,42,37,9,True
42,2023-09-05,2023-09-12,7,New York 10:30,1,34,10,True
42,2023-09-05,2023-09-12,7,New York 10:30,7,42,53,True
42,2023-09-05,2023-09-12,7,New York 10:30,71,42,56,True
12,2023-09-06,2023-09-07,1,Quiniela Leidsa,29,41,9,True
92,2023-09-06,2023-09-07,1,Loteria Nacional,29,41,9,True
88,2023-09-09,2023-09-16,7,Quiniela Loteka,27,26,92,True
88,2023-09-09,2023-09-16,7,Quiniela Loteka,68,47,92,True
26,2023-09-11,2023-09-16,5,Quiniela Leidsa,27,26,92,True
26,2023-09-11,2023-09-16,5,Quiniela Leidsa,68,47,92,True
87,2023-09-13,2023-09-16,3,New York 2:30,27,26,92,True
87,2023-09-13,2023-09-16,3,New York 2:30,68,47,92,True
71,2023-09-12,2023-09-15,3,Gana Mas,83,49,30,True
53,2023-09-13,2023-09-17,4,Quiniela Real,83,49,3,True
76,2023-09-14,2023-09-18,4,Gana Mas,29,41,9,True
27,2023-09-16,2023-09-23,7,Quiniela Loteka,65,52,82,True
4,2023-09-22,2023-09-25,3,New York 10:30,10,37,1,True
4,2023-09-22,2023-09-25,3,New York 10:30,65,52,37,True
5,2023-09-27,2023-09-30,3,Quiniela Loteka,17,34,13,True
5,2023-09-27,2023-09-30,3,Quiniela Loteka,85,36,52,True
42,2023-09-27,2023-09-30,3,New York 2:30,17,34,13,True
42,2023-09-27,2023-09-30,3,New York 2:30,85,36,52,True
85,2023-09-27,2023-09-28,1,Gana Mas,69,45,57,True
17,2023-09-30,2023-10-01,1,Quiniela Real,59,44,72,True
17,2023-09-30,2023-10-01,1,Quiniela Real,63,38,44,True
85,2023-09-30,2023-10-03,3,New York 10:30,3,31,30,True
7,2023-10-07,2023-10-10,3,Quiniela Real,22,44,7,True
7,2023-10-07,2023-10-10,3,Quiniela Real,59,44,26,True
7,2023-10-07,2023-10-10,3,Quiniela Real,70,44,7,True
59,2023-10-08,2023-10-13,5,Quiniela Real,11,35,57,True
59,2023-10-08,2023-10-13,5,Quiniela Real,69,45,57,True
59,2023-10-08,2023-10-13,5,Quiniela Real,80,45,8,True
59,2023-10-10,2023-10-13,3,Quiniela Real,11,35,57,True
59,2023-10-10,2023-10-13,3,Quiniela Real,69,45,57,True
59,2023-10-10,2023-10-13,3,Quiniela Real,80,45,8,True
80,2023-10-13,2023-10-16,3,Quiniela Loteka,12,43,89,True
80,2023-10-13,2023-10-16,3,Quiniela Loteka,25,30,16,True
80,2023-10-13,2023-10-16,3,Quiniela Loteka,44,43,9,True
80,2023-10-13,2023-10-16,3,Quiniela Loteka,92,43,27,True
35,2023-10-14,2023-10-17,3,Quiniela Loteka,63,38,35,True
25,2023-10-16,2023-10-18,2,Quiniela Leidsa,9,39,53,True
25,2023-10-16,2023-10-18,2,Quiniela Leidsa,90,46,53,True
92,2023-10-16,2023-10-18,2,Quiniela Real,9,39,53,True
92,2023-10-16,2023-10-18,2,Quiniela Real,90,46,53,True
90,2023-10-18,2023-10-19,1,New York 2:30,39,33,78,True
15,2023-10-21,2023-10-27,6,New York 10:30,42,37,35,True
29,2023-10-26,2023-10-27,1,Quiniela Loteka,42,37,35,True
79,2023-10-21,2023-10-22,1,New York 2:30,28,43,73,True
79,2023-10-21,2023-10-22,1,New York 2:30,44,43,90,True
79,2023-10-21,2023-10-22,1,New York 2:30,92,43,68,True
28,2023-10-22,2023-10-24,2,Quiniela Leidsa,42,37,44,True
28,2023-10-22,2023-10-24,2,Quiniela Leidsa,59,44,26,True
92,2023-10-22,2023-10-24,2,Quiniela Loteka,42,37,44,True
92,2023-10-22,2023-10-24,2,Quiniela Loteka,59,44,26,True
56,2023-10-26,2023-10-29,3,Quiniela Real,76,34,27,True
7,2023-11-01,2023-11-03,2,Gana Mas,11,35,91,True
77,2023-11-06,2023-11-10,4,Gana Mas,22,44,63,True
77,2023-11-06,2023-11-10,4,Gana Mas,70,44,63,True
22,2023-11-10,2023-11-12,2,New York 2:30,89,48,12,True
41,2023-11-17,2023-11-21,4,Gana Mas,45,50,32,True
46,2023-11-17,2023-11-22,5,Quiniela Leidsa,74,46,31,True
74,2023-11-22,2023-11-24,2,Quiniela Real,35,49,7,True
35,2023-11-24,2023-11-25,1,Quiniela Real,9,39,53,True
35,2023-11-24,2023-11-25,1,Quiniela Real,94,39,58,True
9,2023-11-25,2023-11-27,2,Quiniela Real,44,43,7,True
9,2023-11-25,2023-11-27,2,Quiniela Real,92,43,68,True
59,2023-12-03,2023-12-08,5,Quiniela Loteka,53,28,9,True
87,2023-12-03,2023-12-08,5,New York 2:30,53,28,9,True
29,2023-12-13,2023-12-15,2,New York 2:30,35,49,29,True
29,2023-12-13,2023-12-15,2,New York 2:30,40,49,4,True
29,2023-12-13,2023-12-15,2,New York 2:30,44,43,29,True
44,2023-12-15,2023-12-20,5,Quiniela Leidsa,22,44,70,True
44,2023-12-15,2023-12-20,5,Quiniela Leidsa,75,44,62,True
44,2023-12-15,2023-12-20,5,Quiniela Leidsa,91,44,69,True
56,2023-12-18,2023-12-22,4,Quiniela Leidsa,22,44,7,True
56,2023-12-18,2023-12-22,4,Quiniela Leidsa,70,44,7,True
56,2023-12-18,2023-12-22,4,Quiniela Leidsa,75,44,62,True
56,2023-12-18,2023-12-22,4,Quiniela Leidsa,91,44,11,True
7,2023-12-19,2023-12-22,3,Loteria Nacional,22,44,7,True
7,2023-12-19,2023-12-22,3,Loteria Nacional,70,44,7,True
7,2023-12-19,2023-12-22,3,Loteria Nacional,75,44,62,True
7,2023-12-19,2023-12-22,3,Loteria Nacional,91,44,11,True
91,2023-12-20,2023-12-22,2,Quiniela Real,22,44,7,True
91,2023-12-20,2023-12-22,2,Quiniela Real,70,44,7,True
91,2023-12-20,2023-12-22,2,Quiniela Real,75,44,62,True
90,2023-12-21,2023-12-28,7,Loteria Nacional,20,38,2,True
90,2023-12-21,2023-12-28,7,Loteria Nacional,52,38,85,True
90,2023-12-21,2023-12-28,7,Loteria Nacional,63,38,35,True
9,2023-12-27,2023-12-28,1,Gana Mas,20,38,2,True
9,2023-12-27,2023-12-28,1,Gana Mas,52,38,85,True
9,2023-12-27,2023-12-28,1,Gana Mas,63,38,35,True
22,2023-12-22,2023-12-29,7,Quiniela Leidsa,29,41,70,True
70,2023-12-22,2023-12-27,5,New York 2:30,9,39,44,True
44,2023-12-30,2024-01-02,3,Quiniela Real,42,37,44,True
44,2023-12-30,2024-01-02,3,Quiniela Real,77,32,87,True
42,2024-01-02,2024-01-06,4,Gana Mas,29,41,42,True
42,2024-01-02,2024-01-06,4,Gana Mas,71,42,41,True
42,2024-01-04,2024-01-06,2,Gana Mas,29,41,42,True
42,2024-01-04,2024-01-06,2,Gana Mas,71,42,41,True
82,2024-01-05,2024-01-06,1,Quiniela Loteka,29,41,42,True
82,2024-01-05,2024-01-06,1,Quiniela Loteka,71,42,41,True
77,2024-01-02,2024-01-08,6,Quiniela Leidsa,37,46,82,True
71,2024-01-06,2024-01-08,2,New York 10:30,37,46,82,True
71,2024-01-06,2024-01-08,2,New York 10:30,77,32,73,True
22,2024-01-07,2024-01-08,1,Loteria Nacional,37,46,82,True
22,2024-01-07,2024-01-08,1,Loteria Nacional,77,32,73,True
53,2024-01-05,2024-01-07,2,Quiniela Real,22,44,53,True
53,2024-01-05,2024-01-07,2,Quiniela Real,70,44,22,True
87,2024-01-05,2024-01-07,2,Gana Mas,22,44,53,True
87,2024-01-05,2024-01-07,2,Gana Mas,70,44,22,True
29,2024-01-06,2024-01-07,1,Gana Mas,22,44,53,True
29,2024-01-06,2024-01-07,1,Gana Mas,70,44,22,True
71,2024-01-12,2024-01-13,1,Quiniela Leidsa,68,47,76,True
71,2024-01-12,2024-01-13,1,Quiniela Leidsa,84,47,94,True
84,2024-01-13,2024-01-14,1,Quiniela Real,22,44,29,True
84,2024-01-13,2024-01-14,1,Quiniela Real,70,44,29,True
84,2024-01-13,2024-01-14,1,Quiniela Real,91,44,69,True
22,2024-01-14,2024-01-16,2,Gana Mas,69,45,57,True
22,2024-01-14,2024-01-16,2,Gana Mas,81,43,85,True
81,2024-01-16,2024-01-22,6,Gana Mas,42,37,53,True
53,2024-01-17,2024-01-22,5,Gana Mas,42,37,53,True
37,2024-01-19,2024-01-22,3,Quiniela Real,42,37,53,True
35,2024-01-17,2024-01-21,4,Quiniela Loteka,54,35,14,True
35,2024-01-17,2024-01-21,4,Quiniela Loteka,86,35,19,True
42,2024-01-22,2024-01-27,5,New York 10:30,7,42,53,True
42,2024-01-22,2024-01-27,5,New York 10:30,23,42,28,True
42,2024-01-22,2024-01-27,5,New York 10:30,53,28,42,True
7,2024-01-27,2024-01-28,1,Quiniela Leidsa,84,47,94,True
53,2024-01-27,2024-01-31,4,Gana Mas,9,39,53,True
53,2024-01-27,2024-01-31,4,Gana Mas,29,41,53,True
26,2024-01-30,2024-02-01,2,Quiniela Real,90,46,7,True
9,2024-01-31,2024-02-01,1,Quiniela Leidsa,90,46,7,True
29,2024-01-31,2024-02-01,1,Gana Mas,90,46,7,True
68,2024-02-07,2024-02-10,3,Loteria Nacional,35,49,29,True
31,2024-02-16,2024-02-21,5,Quiniela Leidsa,77,32,28,True
9,2024-02-20,2024-02-21,1,Quiniela Real,77,32,28,True
28,2024-02-17,2024-02-19,2,Loteria Nacional,2,33,20,True
28,2024-02-17,2024-02-19,2,Loteria Nacional,23,42,28,True
28,2024-02-17,2024-02-19,2,Loteria Nacional,53,28,42,True
28,2024-02-17,2024-02-19,2,Loteria Nacional,87,33,28,True
87,2024-02-19,2024-02-22,3,Quiniela Real,7,42,22,True
77,2024-02-21,2024-02-28,7,New York 10:30,22,44,63,True
77,2024-02-21,2024-02-28,7,New York 10:30,59,44,26,True
77,2024-02-21,2024-02-28,7,New York 10:30,70,44,63,True
13,2024-02-24,2024-02-28,4,New York 2:30,22,44,63,True
13,2024-02-24,2024-02-28,4,New York 2:30,59,44,26,True
13,2024-02-24,2024-02-28,4,New York 2:30,70,44,63,True
79,2024-02-27,2024-02-28,1,Gana Mas,22,44,63,True
79,2024-02-27,2024-02-28,1,Gana Mas,59,44,26,True
79,2024-02-27,2024-02-28,1,Gana Mas,70,44,63,True
22,2024-02-28,2024-03-03,4,Gana Mas,44,43,22,True
22,2024-02-28,2024-03-03,4,Gana Mas,92,43,27,True
70,2024-02-28,2024-03-01,2,New York 2:30,3,31,30,True
3,2024-03-01,2024-03-04,3,New York 10:30,85,36,81,True
44,2024-03-03,2024-03-07,4,New York 2:30,81,43,52,True
92,2024-03-03,2024-03-05,2,Quiniela Loteka,10,37,1,True
21,2024-03-12,2024-03-19,7,Quiniela Leidsa,27,26,92,True
34,2024-03-12,2024-03-15,3,New York 2:30,77,32,87,True
96,2024-03-16,2024-03-18,2,Quiniela Leidsa,28,43,77,True
96,2024-03-16,2024-03-18,2,Quiniela Leidsa,79,47,88,True
20,2024-04-05,2024-04-11,6,Gana Mas,68,47,27,True
87,2024-04-07,2024-04-12,5,Quiniela Real,34,51,72,True
68,2024-04-11,2024-04-16,5,New York 10:30,2,33,20,True
34,2024-04-12,2024-04-13,1,New York 10:30,14,39,54,True
14,2024-04-13,2024-04-15,2,Gana Mas,29,41,63,True
2,2024-04-16,2024-04-18,2,Gana Mas,71,42,89,True
71,2024-04-18,2024-04-23,5,New York 2:30,63,38,53,True
7,2024-04-20,2024-04-21,1,Loteria Nacional,14,39,54,True
63,2024-04-23,2024-04-28,5,Quiniela Leidsa,80,45,8,True
63,2024-04-23,2024-04-28,5,Quiniela Leidsa,87,33,73,True
97,2024-04-24,2024-04-27,3,Gana Mas,44,43,9,True
97,2024-04-24,2024-04-27,3,Gana Mas,74,46,31,True
97,2024-04-24,2024-04-27,3,Gana Mas,90,46,9,True
74,2024-04-27,2024-05-03,6,New York 10:30,35,49,42,True
83,2024-04-29,2024-05-03,4,New York 2:30,35,49,42,True
90,2024-04-27,2024-05-02,5,Loteria Nacional,72,40,59,True
80,2024-04-28,2024-04-29,1,Quiniela Leidsa,57,30,91,True
80,2024-04-28,2024-04-29,1,Quiniela Leidsa,83,49,30,True
87,2024-04-28,2024-05-04,6,New York 2:30,73,48,87,True
57,2024-04-29,2024-05-05,6,Quiniela Leidsa,69,45,57,True
35,2024-05-03,2024-05-05,2,Quiniela Real,69,45,57,True
63,2024-05-01,2024-05-06,5,Quiniela Leidsa,29,41,53,True
63,2024-05-06,2024-05-13,7,New York 2:30,11,35,57,True
63,2024-05-06,2024-05-13,7,New York 2:30,27,26,76,True
41,2024-05-10,2024-05-13,3,Loteria Nacional,11,35,57,True
41,2024-05-10,2024-05-13,3,Loteria Nacional,27,26,76,True
94,2024-05-10,2024-05-13,3,Gana Mas,11,35,57,True
94,2024-05-10,2024-05-13,3,Gana Mas,27,26,76,True
11,2024-05-13,2024-05-18,5,Gana Mas,94,39,84,True
30,2024-05-17,2024-05-18,1,Loteria Nacional,94,39,84,True
29,2024-05-14,2024-05-16,2,Quiniela Loteka,9,39,22,True
29,2024-05-14,2024-05-16,2,Quiniela Loteka,94,39,58,True
71,2024-05-14,2024-05-16,2,Quiniela Leidsa,9,39,22,True
71,2024-05-14,2024-05-16,2,Quiniela Leidsa,94,39,58,True
9,2024-05-16,2024-05-22,6,Loteria Nacional,22,44,9,True
9,2024-05-16,2024-05-22,6,Loteria Nacional,44,43,9,True
9,2024-05-16,2024-05-22,6,Loteria Nacional,70,44,9,True
94,2024-05-16,2024-05-22,6,Quiniela Loteka,22,44,9,True
94,2024-05-16,2024-05-22,6,Quiniela Loteka,44,43,9,True
94,2024-05-16,2024-05-22,6,Quiniela Loteka,70,44,9,True
94,2024-05-18,2024-05-22,4,Quiniela Loteka,22,44,9,True
94,2024-05-18,2024-05-22,4,Quiniela Loteka,44,43,9,True
94,2024-05-18,2024-05-22,4,Quiniela Loteka,70,44,9,True
44,2024-05-22,2024-05-23,1,Quiniela Leidsa,7,42,35,True
44,2024-05-22,2024-05-23,1,Quiniela Leidsa,71,42,12,True
70,2024-05-22,2024-05-27,5,New York 10:30,1,34,10,True
70,2024-05-26,2024-05-27,1,New York 10:30,1,34,10,True
7,2024-05-26,2024-05-31,5,Quiniela Loteka,77,32,23,True
7,2024-05-26,2024-05-31,5,Quiniela Loteka,87,33,23,True
22,2024-05-26,2024-06-01,6,Loteria Nacional,77,32,73,True
80,2024-06-06,2024-06-07,1,Loteria Nacional,77,32,87,True
77,2024-06-07,2024-06-08,1,Gana Mas,73,48,77,True
27,2024-06-09,2024-06-14,5,New York 10:30,73,48,28,True
27,2024-06-09,2024-06-14,5,New York 10:30,77,32,28,True
7,2024-06-12,2024-06-19,7,Loteria Nacional,42,37,22,True
41,2024-06-16,2024-06-19,3,Quiniela Loteka,42,37,22,True
22,2024-06-17,2024-06-19,2,Gana Mas,42,37,22,True
63,2024-06-29,2024-07-03,4,New York 10:30,9,39,22,True
71,2024-07-02,2024-07-03,1,Quiniela Leidsa,9,39,22,True
72,2024-07-04,2024-07-11,7,Loteria Nacional,7,42,63,True
72,2024-07-04,2024-07-11,7,Loteria Nacional,50,42,5,True
93,2024-07-09,2024-07-11,2,New York 10:30,7,42,63,True
93,2024-07-09,2024-07-11,2,New York 10:30,50,42,5,True
48,2024-07-07,2024-07-09,2,New York 2:30,88,31,79,True
48,2024-07-07,2024-07-09,2,New York 2:30,89,48,41,True
48,2024-07-07,2024-07-09,2,New York 2:30,93,41,48,True
48,2024-07-12,2024-07-18,6,New York 10:30,25,30,16,True
59,2024-07-20,2024-07-24,4,New York 10:30,27,26,76,True
59,2024-07-20,2024-07-24,4,New York 10:30,72,40,26,True
3,2024-08-01,2024-08-04,3,Quiniela Leidsa,77,32,23,True
72,2024-08-02,2024-08-05,3,Gana Mas,11,35,57,True
72,2024-08-02,2024-08-05,3,Gana Mas,22,44,35,True
72,2024-08-02,2024-08-05,3,Gana Mas,44,43,35,True
72,2024-08-02,2024-08-05,3,Gana Mas,69,45,57,True
72,2024-08-02,2024-08-05,3,Gana Mas,70,44,35,True
72,2024-08-02,2024-08-05,3,Gana Mas,80,45,8,True
72,2024-08-02,2024-08-05,3,Gana Mas,91,44,57,True
11,2024-08-05,2024-08-09,4,New York 2:30,7,42,29,True
11,2024-08-05,2024-08-09,4,New York 2:30,15,29,96,True
70,2024-08-05,2024-08-07,2,Quiniela Leidsa,22,44,7,True
70,2024-08-07,2024-08-14,7,Gana Mas,57,30,69,True
68,2024-08-20,2024-08-21,1,Quiniela Loteka,50,42,5,True
29,2024-08-28,2024-09-04,7,Loteria Nacional,77,32,87,True
32,2024-08-31,2024-09-04,4,Quiniela Real,77,32,87,True
82,2024-09-03,2024-09-04,1,New York 2:30,77,32,87,True
10,2024-08-29,2024-09-01,3,Quiniela Loteka,53,28,7,True
42,2024-08-29,2024-08-31,2,Gana Mas,32,36,45,True
48,2024-08-30,2024-09-03,4,Gana Mas,82,33,37,True
53,2024-09-01,2024-09-03,2,Loteria Nacional,82,33,37,True
77,2024-09-04,2024-09-11,7,New York 10:30,22,44,53,True
77,2024-09-04,2024-09-11,7,New York 10:30,59,44,34,True
77,2024-09-04,2024-09-11,7,New York 10:30,63,38,44,True
77,2024-09-04,2024-09-11,7,New York 10:30,70,44,53,True
22,2024-09-11,2024-09-13,2,Quiniela Loteka,19,40,86,True
22,2024-09-11,2024-09-13,2,Quiniela Loteka,29,41,35,True
22,2024-09-11,2024-09-13,2,Quiniela Loteka,56,40,41,True
22,2024-09-11,2024-09-13,2,Quiniela Loteka,67,40,79,True
86,2024-09-12,2024-09-13,1,Gana Mas,19,40,86,True
86,2024-09-12,2024-09-13,1,Gana Mas,29,41,35,True
86,2024-09-12,2024-09-13,1,Gana Mas,56,40,41,True
86,2024-09-12,2024-09-13,1,Gana Mas,67,40,79,True
59,2024-09-11,2024-09-15,4,Quiniela Loteka,93,41,97,True
53,2024-09-12,2024-09-17,5,New York 10:30,23,42,77,True
53,2024-09-12,2024-09-17,5,New York 10:30,65,52,82,True
29,2024-09-13,2024-09-18,5,New York 10:30,19,40,86,True
93,2024-09-15,2024-09-18,3,Quiniela Loteka,19,40,86,True
23,2024-09-17,2024-09-20,3,Loteria Nacional,7,42,44,True
23,2024-09-17,2024-09-20,3,Loteria Nacional,9,39,42,True
23,2024-09-17,2024-09-20,3,Loteria Nacional,22,44,42,True
23,2024-09-17,2024-09-20,3,Loteria Nacional,46,39,19,True
23,2024-09-17,2024-09-20,3,Loteria Nacional,59,44,72,True
23,2024-09-17,2024-09-20,3,Loteria Nacional,63,38,42,True
23,2024-09-17,2024-09-20,3,Loteria Nacional,70,44,42,True
51,2024-09-19,2024-09-20,1,Quiniela Leidsa,7,42,44,True
51,2024-09-19,2024-09-20,1,Quiniela Leidsa,9,39,42,True
51,2024-09-19,2024-09-20,1,Quiniela Leidsa,22,44,42,True
51,2024-09-19,2024-09-20,1,Quiniela Leidsa,46,39,19,True
51,2024-09-19,2024-09-20,1,Quiniela Leidsa,59,44,72,True
51,2024-09-19,2024-09-20,1,Quiniela Leidsa,63,38,42,True
51,2024-09-19,2024-09-20,1,Quiniela Leidsa,70,44,42,True
65,2024-09-17,2024-09-23,6,Quiniela Real,29,41,53,True
22,2024-09-20,2024-09-23,3,Loteria Nacional,29,41,53,True
19,2024-09-18,2024-09-19,1,Quiniela Real,51,40,21,True
59,2024-09-20,2024-09-21,1,Loteria Nacional,34,51,59,True
86,2024-09-29,2024-09-30,1,Quiniela Leidsa,90,46,22,True
90,2024-09-30,2024-10-05,5,Quiniela Real,9,39,90,True
90,2024-09-30,2024-10-05,5,Quiniela Real,14,39,54,True
90,2024-09-30,2024-10-05,5,Quiniela Real,69,45,11,True
72,2024-10-01,2024-10-03,2,Quiniela Loteka,34,51,72,True
14,2024-10-05,2024-10-12,7,New York 2:30,69,45,91,True
7,2024-10-08,2024-10-10,2,Quiniela Loteka,37,46,65,True
7,2024-10-08,2024-10-10,2,Quiniela Loteka,90,46,7,True
30,2024-10-08,2024-10-11,3,Loteria Nacional,83,49,30,True
37,2024-10-10,2024-10-17,7,Gana Mas,100,38,1,True
77,2024-10-15,2024-10-22,7,Quiniela Real,57,30,11,True
12,2024-10-16,2024-10-23,7,New York 2:30,42,37,22,True
12,2024-10-16,2024-10-23,7,New York 2:30,73,48,87,True
8,2024-10-19,2024-10-21,2,New York 10:30,92,43,27,True
57,2024-10-22,2024-10-24,2,New York 10:30,20,38,2,True
63,2024-10-29,2024-10-30,1,Loteria Nacional,22,44,63,True
63,2024-10-29,2024-10-30,1,Loteria Nacional,70,44,63,True
70,2024-10-30,2024-11-03,4,Gana Mas,73,48,87,True
70,2024-10-30,2024-11-03,4,Gana Mas,90,46,70,True
73,2024-11-05,2024-11-06,1,Gana Mas,21,28,51,True
73,2024-11-05,2024-11-06,1,Gana Mas,26,28,34,True
73,2024-11-05,2024-11-06,1,Gana Mas,53,28,90,True
73,2024-11-05,2024-11-06,1,Gana Mas,77,32,28,True
67,2024-11-16,2024-11-18,2,Loteria Nacional,30,39,3,True
67,2024-11-16,2024-11-18,2,Loteria Nacional,94,39,84,True
63,2024-11-17,2024-11-18,1,New York 10:30,30,39,3,True
63,2024-11-17,2024-11-18,1,New York 10:30,94,39,84,True
59,2024-11-21,2024-11-24,3,New York 2:30,35,49,9,True
70,2024-11-21,2024-11-24,3,Gana Mas,35,49,9,True
35,2024-11-24,2024-11-29,5,New York 2:30,72,40,34,True
35,2024-11-24,2024-11-29,5,New York 2:30,76,34,92,True
72,2024-11-29,2024-11-30,1,Loteria Nacional,9,39,7,True
72,2024-11-29,2024-11-30,1,Loteria Nacional,29,41,7,True
72,2024-11-29,2024-11-30,1,Loteria Nacional,35,49,7,True
79,2024-12-03,2024-12-04,1,New York 10:30,84,47,94,True
6,2024-12-09,2024-12-10,1,Gana Mas,69,45,91,True
69,2024-12-10,2024-12-13,3,New York 10:30,35,49,22,True
69,2024-12-10,2024-12-13,3,New York 10:30,97,52,48,True
52,2024-12-12,2024-12-13,1,Gana Mas,35,49,22,True
52,2024-12-12,2024-12-13,1,Gana Mas,97,52,48,True
37,2024-12-19,2024-12-23,4,New York 2:30,19,40,86,True
37,2024-12-19,2024-12-23,4,New York 2:30,56,40,41,True
90,2024-12-19,2024-12-21,2,Gana Mas,63,38,9,True
19,2024-12-23,2024-12-29,6,Loteria Nacional,9,39,35,True
19,2024-12-23,2024-12-29,6,Loteria Nacional,30,39,83,True
19,2024-12-23,2024-12-29,6,Loteria Nacional,53,28,35,True
83,2024-12-28,2024-12-29,1,Gana Mas,9,39,35,True
83,2024-12-28,2024-12-29,1,Gana Mas,30,39,83,True
83,2024-12-28,2024-12-29,1,Gana Mas,53,28,35,True
9,2024-12-29,2024-12-30,1,Gana Mas,53,28,22,True
9,2024-12-29,2024-12-30,1,Gana Mas,68,47,92,True
57,2025-01-08,2025-01-10,2,Quiniela Real,56,40,41,True
57,2025-01-08,2025-01-10,2,Quiniela Real,72,40,26,True
83,2025-01-08,2025-01-11,3,New York 10:30,7,42,63,True
56,2025-01-09,2025-01-11,2,Quiniela Real,7,42,63,True
56,2025-01-10,2025-01-11,1,Quiniela Real,7,42,63,True
72,2025-01-10,2025-01-12,2,Loteria Nacional,26,28,72,True
72,2025-01-10,2025-01-12,2,Loteria Nacional,53,28,22,True
53,2025-01-12,2025-01-15,3,Quiniela Loteka,42,37,29,True
53,2025-01-12,2025-01-15,3,Quiniela Loteka,89,48,71,True
89,2025-01-15,2025-01-21,6,Quiniela Loteka,73,48,87,True
14,2025-01-22,2025-01-23,1,Quiniela Real,90,46,42,True
41,2025-01-22,2025-01-25,3,Quiniela Real,77,32,28,True
27,2025-01-24,2025-01-25,1,Loteria Nacional,77,32,28,True
44,2025-01-28,2025-01-30,2,Loteria Nacional,19,40,86,True
53,2025-01-28,2025-02-02,5,Quiniela Real,15,29,96,True
19,2025-01-30,2025-02-02,3,Loteria Nacional,15,29,96,True
3,2025-01-29,2025-01-31,2,New York 2:30,6,35,60,True
3,2025-01-29,2025-01-31,2,New York 2:30,48,36,93,True
15,2025-02-02,2025-02-03,1,New York 10:30,11,35,57,True
84,2025-02-08,2025-02-11,3,Quiniela Leidsa,31,38,74,True
84,2025-02-08,2025-02-11,3,Quiniela Leidsa,63,38,7,True
53,2025-03-02,2025-03-09,7,Quiniela Loteka,22,44,53,True
53,2025-03-02,2025-03-09,7,Quiniela Loteka,42,37,44,True
53,2025-03-02,2025-03-09,7,Quiniela Loteka,70,44,53,True
56,2025-03-07,2025-03-09,2,Quiniela Leidsa,22,44,53,True
56,2025-03-07,2025-03-09,2,Quiniela Leidsa,42,37,44,True
56,2025-03-07,2025-03-09,2,Quiniela Leidsa,70,44,53,True
28,2025-03-07,2025-03-11,4,Quiniela Loteka,26,28,72,True
28,2025-03-07,2025-03-11,4,Quiniela Loteka,53,28,29,True
28,2025-03-07,2025-03-11,4,Quiniela Loteka,73,48,28,True
1,2025-03-10,2025-03-11,1,New York 10:30,26,28,72,True
1,2025-03-10,2025-03-11,1,New York 10:30,53,28,29,True
1,2025-03-10,2025-03-11,1,New York 10:30,73,48,28,True
70,2025-03-09,2025-03-10,1,Quiniela Loteka,1,34,10,True
73,2025-03-11,2025-03-15,4,Quiniela Loteka,93,41,97,True
93,2025-03-15,2025-03-16,1,Quiniela Real,42,37,44,True
3,2025-03-19,2025-03-21,2,Loteria Nacional,22,44,90,True
3,2025-03-19,2025-03-21,2,Loteria Nacional,70,44,90,True
10,2025-04-01,2025-04-03,2,Gana Mas,7,42,44,True
10,2025-04-01,2025-04-03,2,Gana Mas,22,44,42,True
10,2025-04-01,2025-04-03,2,Gana Mas,70,44,42,True
10,2025-04-01,2025-04-03,2,Gana Mas,71,42,56,True
42,2025-04-01,2025-04-03,2,Loteria Nacional,7,42,44,True
42,2025-04-01,2025-04-03,2,Loteria Nacional,22,44,42,True
42,2025-04-01,2025-04-03,2,Loteria Nacional,70,44,42,True
42,2025-04-01,2025-04-03,2,Loteria Nacional,71,42,56,True
70,2025-04-02,2025-04-03,1,Quiniela Real,7,42,44,True
70,2025-04-02,2025-04-03,1,Quiniela Real,22,44,42,True
70,2025-04-02,2025-04-03,1,Quiniela Real,71,42,56,True
7,2025-04-03,2025-04-08,5,Quiniela Leidsa,87,33,28,True
71,2025-04-03,2025-04-08,5,New York 2:30,87,33,28,True
9,2025-04-10,2025-04-17,7,Quiniela Loteka,44,43,9,True
90,2025-04-13,2025-04-19,6,New York 2:30,42,37,63,True
44,2025-04-17,2025-04-24,7,Loteria Nacional,35,49,44,True
44,2025-04-17,2025-04-24,7,Loteria Nacional,69,45,57,True
44,2025-04-17,2025-04-24,7,Loteria Nacional,91,44,57,True
42,2025-04-19,2025-04-23,4,New York 10:30,26,28,34,True
42,2025-04-19,2025-04-23,4,New York 10:30,76,34,68,True
26,2025-04-20,2025-04-25,5,Quiniela Real,82,33,65,True
26,2025-04-23,2025-04-25,2,Quiniela Real,82,33,65,True
82,2025-04-25,2025-04-30,5,Quiniela Leidsa,10,37,1,True
82,2025-04-25,2025-04-30,5,Quiniela Leidsa,42,37,90,True
74,2025-05-02,2025-05-04,2,Gana Mas,28,43,23,True
74,2025-05-02,2025-05-04,2,Gana Mas,44,43,9,True
65,2025-05-05,2025-05-07,2,New York 10:30,25,30,16,True
25,2025-05-07,2025-05-09,2,New York 10:30,88,31,79,True
88,2025-05-09,2025-05-14,5,New York 2:30,83,49,30,True
97,2025-05-18,2025-05-23,5,Loteria Nacional,9,39,70,True
97,2025-05-18,2025-05-23,5,Loteria Nacional,94,39,58,True
9,2025-05-23,2025-05-24,1,Quiniela Loteka,79,47,67,True
19,2025-05-27,2025-06-01,5,Loteria Nacional,22,44,70,True
19,2025-05-27,2025-06-01,5,Loteria Nacional,59,44,72,True
28,2025-05-29,2025-06-01,3,Gana Mas,22,44,70,True
28,2025-05-29,2025-06-01,3,Gana Mas,59,44,72,True
29,2025-05-31,2025-06-01,1,New York 2:30,22,44,70,True
29,2025-05-31,2025-06-01,1,New York 2:30,59,44,72,True
44,2025-05-31,2025-06-01,1,Quiniela Loteka,22,44,70,True
44,2025-05-31,2025-06-01,1,Quiniela Loteka,59,44,72,True
71,2025-05-31,2025-06-01,1,Quiniela Real,22,44,70,True
71,2025-05-31,2025-06-01,1,Quiniela Real,59,44,72,True
77,2025-05-28,2025-06-03,6,New York 10:30,69,45,11,True
12,2025-05-29,2025-06-02,4,New York 2:30,28,43,87,True
65,2025-05-29,2025-06-02,4,Quiniela Real,28,43,87,True
12,2025-05-31,2025-06-02,2,New York 2:30,28,43,87,True
81,2025-05-29,2025-06-04,6,Quiniela Loteka,56,40,71,True
81,2025-05-31,2025-06-04,4,Quiniela Loteka,56,40,71,True
22,2025-06-01,2025-06-04,3,Loteria Nacional,56,40,71,True
59,2025-06-01,2025-06-04,3,New York 10:30,56,40,71,True
44,2025-05-30,2025-05-31,1,Quiniela Loteka,12,43,41,True
44,2025-05-30,2025-05-31,1,Quiniela Loteka,29,41,42,True
44,2025-05-30,2025-05-31,1,Quiniela Loteka,56,40,41,True
44,2025-05-30,2025-05-31,1,Quiniela Loteka,71,42,41,True
44,2025-05-30,2025-05-31,1,Quiniela Loteka,81,43,85,True
28,2025-06-02,2025-06-06,4,Loteria Nacional,26,28,34,True
90,2025-06-08,2025-06-13,5,New York 10:30,22,44,90,True
90,2025-06-08,2025-06-13,5,New York 10:30,70,44,22,True
70,2025-06-13,2025-06-16,3,Quiniela Loteka,42,37,44,True
70,2025-06-13,2025-06-16,3,Quiniela Loteka,59,44,34,True
87,2025-06-15,2025-06-16,1,Quiniela Leidsa,42,37,44,True
87,2025-06-15,2025-06-16,1,Quiniela Leidsa,59,44,34,True
59,2025-06-16,2025-06-23,7,Quiniela Real,20,38,2,True
59,2025-06-16,2025-06-23,7,Quiniela Real,63,38,29,True
59,2025-06-16,2025-06-23,7,Quiniela Real,100,38,10,True
29,2025-06-20,2025-06-23,3,Gana Mas,20,38,2,True
29,2025-06-20,2025-06-23,3,Gana Mas,63,38,29,True
29,2025-06-20,2025-06-23,3,Gana Mas,100,38,10,True
63,2025-06-23,2025-06-25,2,Quiniela Real,35,49,42,True
63,2025-06-23,2025-06-25,2,Quiniela Real,83,49,3,True
35,2025-06-25,2025-06-27,2,Quiniela Real,22,44,35,True
35,2025-06-25,2025-06-27,2,Quiniela Real,70,44,35,True
77,2025-06-30,2025-07-01,1,Loteria Nacional,90,46,7,True
23,2025-07-19,2025-07-20,1,Gana Mas,30,39,83,True
14,2025-07-22,2025-07-27,5,Quiniela Loteka,22,44,90,True
14,2025-07-22,2025-07-27,5,Quiniela Loteka,53,28,44,True
14,2025-07-22,2025-07-27,5,Quiniela Loteka,70,44,90,True
44,2025-07-24,2025-07-27,3,Gana Mas,22,44,90,True
44,2025-07-24,2025-07-27,3,Gana Mas,53,28,44,True
44,2025-07-24,2025-07-27,3,Gana Mas,70,44,90,True
65,2025-07-25,2025-07-27,2,New York 10:30,22,44,90,True
65,2025-07-25,2025-07-27,2,New York 10:30,53,28,44,True
65,2025-07-25,2025-07-27,2,New York 10:30,70,44,90,True
89,2025-07-23,2025-07-24,1,Loteria Nacional,12,43,89,True
89,2025-07-23,2025-07-24,1,Loteria Nacional,44,43,35,True
22,2025-07-27,2025-07-28,1,Quiniela Leidsa,63,38,22,True
70,2025-07-27,2025-07-28,1,Quiniela Real,63,38,22,True
37,2025-07-31,2025-08-05,5,Quiniela Loteka,52,38,81,True
37,2025-07-31,2025-08-05,5,Quiniela Loteka,63,38,22,True
35,2025-08-03,2025-08-04,1,Gana Mas,30,39,83,True
35,2025-08-03,2025-08-04,1,Gana Mas,46,39,86,True
52,2025-08-05,2025-08-07,2,New York 2:30,89,48,12,True
10,2025-08-10,2025-08-12,2,Loteria Nacional,85,36,81,True
42,2025-08-11,2025-08-12,1,New York 2:30,85,36,81,True
56,2025-08-13,2025-08-17,4,Quiniela Real,88,31,67,True
57,2025-08-13,2025-08-18,5,New York 10:30,76,34,92,True
76,2025-08-18,2025-08-22,4,Quiniela Loteka,54,35,14,True
76,2025-08-19,2025-08-22,3,Quiniela Loteka,54,35,14,True
44,2025-08-25,2025-08-28,3,Quiniela Loteka,7,42,44,True
44,2025-08-25,2025-08-28,3,Quiniela Loteka,22,44,42,True
44,2025-08-25,2025-08-28,3,Quiniela Loteka,70,44,42,True
87,2025-08-26,2025-08-27,1,New York 10:30,13,41,17,True
13,2025-08-27,2025-08-29,2,New York 10:30,65,52,37,True
7,2025-08-28,2025-08-29,1,Quiniela Leidsa,65,52,37,True
22,2025-08-28,2025-08-30,2,Gana Mas,9,39,63,True
22,2025-08-28,2025-08-30,2,Gana Mas,30,39,3,True
22,2025-08-28,2025-08-30,2,Gana Mas,42,37,63,True
22,2025-08-28,2025-08-30,2,Gana Mas,62,39,75,True
65,2025-08-29,2025-08-30,1,Quiniela Real,9,39,63,True
65,2025-08-29,2025-08-30,1,Quiniela Real,30,39,3,True
65,2025-08-29,2025-08-30,1,Quiniela Real,42,37,63,True
65,2025-08-29,2025-08-30,1,Quiniela Real,62,39,75,True
42,2025-08-30,2025-08-31,1,Gana Mas,35,49,42,True
42,2025-08-30,2025-08-31,1,Gana Mas,80,45,8,True
91,2025-09-01,2025-09-07,6,New York 10:30,85,36,52,True
91,2025-09-06,2025-09-07,1,New York 10:30,85,36,52,True
42,2025-09-05,2025-09-09,4,Gana Mas,35,49,7,True
70,2025-09-06,2025-09-09,3,New York 10:30,35,49,7,True
44,2025-09-05,2025-09-06,1,New York 2:30,22,44,29,True
44,2025-09-05,2025-09-06,1,New York 2:30,70,44,29,True
44,2025-09-05,2025-09-06,1,New York 2:30,91,44,11,True
60,2025-09-05,2025-09-10,5,New York 10:30,46,39,19,True
60,2025-09-10,2025-09-13,3,New York 2:30,7,42,9,True
60,2025-09-10,2025-09-13,3,New York 2:30,9,39,42,True
60,2025-09-10,2025-09-13,3,New York 2:30,29,41,9,True
60,2025-09-10,2025-09-13,3,New York 2:30,41,39,12,True
60,2025-09-10,2025-09-13,3,New York 2:30,71,42,12,True
7,2025-09-13,2025-09-16,3,Quiniela Loteka,34,51,26,True
57,2025-09-14,2025-09-16,2,Gana Mas,34,51,26,True
29,2025-09-15,2025-09-16,1,Loteria Nacional,34,51,26,True
9,2025-09-13,2025-09-15,2,Gana Mas,29,41,9,True
41,2025-09-13,2025-09-15,2,Quiniela Real,29,41,9,True
34,2025-09-16,2025-09-20,4,Quiniela Loteka,59,44,34,True
34,2025-09-16,2025-09-20,4,Quiniela Loteka,91,44,57,True
69,2025-09-17,2025-09-21,4,New York 10:30,42,37,90,True
69,2025-09-17,2025-09-21,4,New York 10:30,63,38,90,True
29,2025-09-30,2025-10-01,1,Loteria Nacional,87,33,77,True
82,2025-09-30,2025-10-02,2,Quiniela Real,51,40,21,True
82,2025-09-30,2025-10-02,2,Quiniela Real,67,40,88,True
30,2025-10-09,2025-10-12,3,Quiniela Real,27,26,76,True
35,2025-10-10,2025-10-12,2,Gana Mas,27,26,76,True
72,2025-10-11,2025-10-12,1,Gana Mas,27,26,76,True
53,2025-10-10,2025-10-11,1,Quiniela Loteka,19,40,46,True
53,2025-10-10,2025-10-11,1,Quiniela Loteka,72,40,26,True
53,2025-10-10,2025-10-11,1,Quiniela Loteka,90,46,29,True
19,2025-10-11,2025-10-14,3,Quiniela Real,72,40,59,True
9,2025-10-13,2025-10-14,1,Gana Mas,72,40,59,True
59,2025-10-13,2025-10-14,1,Loteria Nacional,72,40,59,True
90,2025-10-11,2025-10-16,5,Gana Mas,9,39,22,True
7,2025-10-20,2025-10-21,1,Quiniela Leidsa,44,43,7,True
7,2025-10-26,2025-10-31,5,Loteria Nacional,9,39,7,True
23,2025-10-26,2025-10-30,4,Loteria Nacional,100,38,10,True
65,2025-10-28,2025-10-30,2,Quiniela Loteka,100,38,10,True
9,2025-10-31,2025-11-01,1,Loteria Nacional,90,46,7,True
22,2025-11-05,2025-11-09,4,New York 2:30,29,41,90,True
90,2025-11-05,2025-11-09,4,Loteria Nacional,29,41,90,True
42,2025-11-05,2025-11-08,3,Loteria Nacional,7,42,53,True
42,2025-11-05,2025-11-08,3,Loteria Nacional,23,42,73,True
42,2025-11-05,2025-11-08,3,Loteria Nacional,48,36,93,True
91,2025-11-05,2025-11-08,3,Gana Mas,7,42,53,True
91,2025-11-05,2025-11-08,3,Gana Mas,23,42,73,True
91,2025-11-05,2025-11-08,3,Gana Mas,48,36,93,True
62,2025-11-06,2025-11-08,2,Loteria Nacional,7,42,53,True
62,2025-11-06,2025-11-08,2,Loteria Nacional,23,42,73,True
62,2025-11-06,2025-11-08,2,Loteria Nacional,48,36,93,True
23,2025-11-08,2025-11-10,2,New York 2:30,72,40,59,True
42,2025-11-16,2025-11-18,2,Loteria Nacional,26,28,72,True
82,2025-11-16,2025-11-18,2,Quiniela Leidsa,26,28,72,True
26,2025-11-18,2025-11-19,1,New York 10:30,21,28,51,True
26,2025-11-18,2025-11-19,1,New York 10:30,34,51,59,True
26,2025-11-18,2025-11-19,1,New York 10:30,53,28,70,True
63,2025-11-22,2025-11-25,3,New York 2:30,57,30,69,True
7,2025-11-23,2025-11-26,3,New York 10:30,46,39,19,True
7,2025-11-23,2025-11-26,3,New York 10:30,94,39,58,True
76,2025-11-27,2025-11-28,1,Quiniela Real,42,37,29,True
42,2025-11-28,2025-12-05,7,New York 2:30,7,42,70,True
42,2025-11-28,2025-12-05,7,New York 2:30,71,42,56,True
73,2025-12-07,2025-12-09,2,New York 2:30,28,43,73,True
73,2025-12-07,2025-12-09,2,New York 2:30,44,43,9,True
11,2025-12-14,2025-12-20,6,New York 2:30,29,41,7,True
11,2025-12-14,2025-12-20,6,New York 2:30,56,40,41,True
56,2025-12-20,2025-12-27,7,Quiniela Leidsa,29,41,44,True
56,2025-12-20,2025-12-27,7,Quiniela Leidsa,93,41,97,True
29,2025-12-27,2025-12-29,2,Quiniela Loteka,16,27,25,True
93,2025-12-27,2026-01-02,6,Quiniela Real,29,41,70,True
16,2025-12-29,2025-12-31,2,New York 10:30,84,47,58,True
28,2025-12-30,2025-12-31,1,New York 2:30,84,47,58,True
44,2025-12-30,2026-01-06,7,New York 10:30,56,40,71,True
44,2026-01-03,2026-01-06,3,New York 10:30,56,40,71,True
77,2025-12-30,2026-01-03,4,Gana Mas,44,43,42,True
77,2025-12-30,2026-01-03,4,Gana Mas,92,43,76,True
29,2026-01-02,2026-01-08,6,New York 2:30,30,39,83,True
29,2026-01-02,2026-01-08,6,New York 2:30,94,39,84,True
20,2026-01-11,2026-01-13,2,Quiniela Leidsa,85,36,52,True
85,2026-01-13,2026-01-17,4,New York 10:30,9,39,90,True
85,2026-01-13,2026-01-17,4,New York 10:30,94,39,58,True
46,2026-01-16,2026-01-17,1,Gana Mas,9,39,90,True
46,2026-01-16,2026-01-17,1,Gana Mas,94,39,58,True
19,2026-02-09,2026-02-11,2,New York 2:30,7,42,9,True
19,2026-02-09,2026-02-11,2,New York 2:30,71,42,12,True
58,2026-02-09,2026-02-15,6,New York 2:30,46,39,86,True
58,2026-02-09,2026-02-15,6,New York 2:30,94,39,84,True
73,2026-02-14,2026-02-15,1,Quiniela Loteka,46,39,86,True
73,2026-02-14,2026-02-15,1,Quiniela Loteka,94,39,84,True
7,2026-02-11,2026-02-18,7,Gana Mas,53,28,29,True
94,2026-02-15,2026-02-18,3,Quiniela Loteka,53,28,29,True
71,2026-02-11,2026-02-14,3,Quiniela Real,63,38,42,True
71,2026-02-11,2026-02-14,3,Quiniela Real,73,48,23,True
59,2026-02-28,2026-03-06,6,New York 2:30,29,41,53,True
70,2026-03-05,2026-03-06,1,Quiniela Real,29,41,53,True
70,2026-02-28,2026-03-04,4,New York 10:30,42,37,22,True
57,2026-03-02,2026-03-03,1,New York 2:30,44,43,42,True
44,2026-03-03,2026-03-05,2,Gana Mas,22,44,29,True
44,2026-03-03,2026-03-05,2,Gana Mas,68,47,92,True
44,2026-03-03,2026-03-05,2,Gana Mas,70,44,29,True
42,2026-03-04,2026-03-07,3,Quiniela Real,23,42,87,True
42,2026-03-04,2026-03-07,3,Quiniela Real,29,41,42,True
42,2026-03-04,2026-03-07,3,Quiniela Real,71,42,41,True
44,2026-03-16,2026-03-17,1,New York 10:30,22,44,29,True
44,2026-03-16,2026-03-17,1,New York 10:30,70,44,29,True
94,2026-03-23,2026-03-24,1,Quiniela Real,9,39,53,True
70,2026-03-23,2026-03-28,5,Quiniela Loteka,7,42,63,True
70,2026-03-23,2026-03-28,5,Quiniela Loteka,23,42,73,True
11,2026-03-27,2026-03-28,1,Gana Mas,7,42,63,True
11,2026-03-27,2026-03-28,1,Gana Mas,23,42,73,True
9,2026-03-24,2026-03-26,2,Loteria Nacional,44,43,42,True
9,2026-03-24,2026-03-26,2,Loteria Nacional,92,43,68,True
35,2026-03-25,2026-03-27,2,Gana Mas,11,35,57,True
92,2026-03-26,2026-03-27,1,Quiniela Real,11,35,57,True
68,2026-04-04,2026-04-05,1,Quiniela Real,63,38,90,True
28,2026-04-09,2026-04-13,4,Quiniela Real,77,32,28,True
82,2026-04-09,2026-04-10,1,Loteria Nacional,87,33,23,True
42,2026-04-14,2026-04-15,1,New York 2:30,87,33,23,True
81,2026-04-23,2026-04-29,6,Quiniela Loteka,97,52,48,True
58,2026-04-28,2026-04-30,2,Quiniela Real,57,30,91,True
58,2026-04-28,2026-04-30,2,Quiniela Real,94,39,58,True
34,2026-05-06,2026-05-11,5,Loteria Nacional,82,33,65,True
34,2026-05-08,2026-05-11,3,Loteria Nacional,82,33,65,True
86,2026-05-06,2026-05-09,3,Gana Mas,77,32,73,True
63,2026-05-10,2026-05-12,2,Loteria Nacional,89,48,71,True
82,2026-05-11,2026-05-14,3,Loteria Nacional,87,33,28,True
87,2026-05-14,2026-05-19,5,New York 10:30,48,36,93,True
87,2026-05-14,2026-05-19,5,New York 10:30,85,36,52,True
87,2026-05-14,2026-05-19,5,New York 10:30,97,52,93,True
23,2026-05-17,2026-05-19,2,Quiniela Loteka,48,36,93,True
23,2026-05-17,2026-05-19,2,Quiniela Loteka,85,36,52,True
23,2026-05-17,2026-05-19,2,Quiniela Loteka,97,52,93,True
85,2026-05-19,2026-05-23,4,Gana Mas,42,37,70,True
70,2026-05-22,2026-05-23,1,Loteria Nacional,42,37,70,True
42,2026-05-23,2026-05-27,4,New York 2:30,63,38,53,True
69,2026-05-24,2026-05-30,6,Gana Mas,35,49,29,True
94,2026-05-29,2026-05-30,1,New York 10:30,35,49,29,True
63,2026-05-27,2026-05-31,4,New York 2:30,25,30,16,True
63,2026-05-27,2026-05-31,4,New York 2:30,57,30,69,True
35,2026-05-28,2026-05-29,1,Quiniela Loteka,94,39,84,True
57,2026-05-31,2026-06-01,1,Quiniela Leidsa,48,36,97,True
48,2026-06-01,2026-06-03,2,New York 10:30,73,48,23,True
42,2026-06-07,2026-06-10,3,Loteria Nacional,20,38,2,True
42,2026-06-07,2026-06-10,3,Loteria Nacional,63,38,7,True
65,2026-06-07,2026-06-09,2,Quiniela Real,13,41,17,True
82,2026-06-08,2026-06-12,4,Quiniela Loteka,42,37,53,True
82,2026-06-08,2026-06-12,4,Quiniela Loteka,84,47,94,True
63,2026-06-10,2026-06-12,2,Quiniela Leidsa,42,37,53,True
63,2026-06-10,2026-06-12,2,Quiniela Leidsa,84,47,94,True
94,2026-06-11,2026-06-12,1,Loteria Nacional,42,37,53,True
94,2026-06-11,2026-06-12,1,Loteria Nacional,84,47,94,True
20,2026-06-10,2026-06-11,1,Quiniela Leidsa,9,39,44,True
20,2026-06-10,2026-06-11,1,Quiniela Leidsa,41,39,71,True
20,2026-06-10,2026-06-11,1,Quiniela Leidsa,57,30,69,True
20,2026-06-10,2026-06-11,1,Quiniela Leidsa,91,44,69,True
20,2026-06-10,2026-06-11,1,Quiniela Leidsa,94,39,84,True
57,2026-06-11,2026-06-14,3,New York 10:30,83,49,30,True
42,2026-06-12,2026-06-14,2,Gana Mas,83,49,30,True
83,2026-06-14,2026-06-17,3,Quiniela Real,22,44,63,True
83,2026-06-14,2026-06-17,3,Quiniela Real,70,44,63,True
29,2026-06-21,2026-06-23,2,Quiniela Leidsa,54,35,14,True
35,2026-06-21,2026-06-23,2,Loteria Nacional,54,35,14,True
75,2026-06-21,2026-06-25,4,Quiniela Leidsa,9,39,90,True
75,2026-06-21,2026-06-25,4,Quiniela Leidsa,94,39,58,True
54,2026-06-23,2026-06-24,1,Quiniela Loteka,79,47,88,True
23,2026-06-29,2026-07-01,2,Loteria Nacional,28,43,23,True
9,2026-07-06,2026-07-09,3,Quiniela Real,7,42,9,True
9,2026-07-06,2026-07-09,3,Quiniela Real,23,42,77,True
7,2026-07-09,2026-07-10,1,Quiniela Leidsa,41,39,89,True
7,2026-07-09,2026-07-10,1,Quiniela Leidsa,56,40,89,True
7,2026-07-09,2026-07-10,1,Quiniela Leidsa,67,40,88,True
41,2026-07-10,2026-07-11,1,New York 10:30,40,49,4,True
41,2026-07-10,2026-07-11,1,New York 10:30,83,49,3,True
40,2026-07-11,2026-07-14,3,New York 2:30,46,39,19,True
40,2026-07-11,2026-07-14,3,New York 2:30,62,39,75,True
40,2026-07-11,2026-07-14,3,New York 2:30,94,39,58,True
