case_date,fuerte,origin,confirmer,t1_group,t1_pos_fuerte,first_related,first_related_primary,first_related_labels,t1_pos_related,t1_dist,day_offset,lottery,draw_position,source_reference,first_t1_companion,first_t1_dist,first_t1_pos,first_t1_day,first_t1_lottery,first_t1_draw_position
2019-07-27,86,35,46,6|11|43|54|86,5,71,RELACION_DE_TERCER_NIVEL,RELACION_DE_TERCER_NIVEL,,,1,Gana Mas,1,163142,11,-3,2,1,New York 2:30,1
2019-07-29,5,37,50,5|10|42,1,28,RELACION_DE_TERCER_NIVEL,RELACION_DE_TERCER_NIVEL,,,1,Gana Mas,2,163140,10,1,2,2,New York 10:30,1
2019-08-02,26,28,34,21|26|53,2,8,RELACION_DE_SEGUNDO_NIVEL,RELACION_DE_SEGUNDO_NIVEL,,,1,Gana Mas,1,163136,21,-1,1,1,Quiniela Real,3
2019-08-02,100,38,1,20|31|47|52|63|100,6,42,RELACION_DE_SEGUNDO_NIVEL,RELACION_DE_SEGUNDO_NIVEL,,,1,Gana Mas,2,163136,63,-1,5,1,Loteria Nacional,3
2019-08-06,56,40,89,8|19|51|56|67|72,4,17,CANDIDATO_ORIGINAL_ALTERNATIVO,CANDIDATO_ORIGINAL_ALTERNATIVO,,,1,Gana Mas,2,163132,72,2,6,1,Gana Mas,3
2019-08-10,23,42,73,7|18|23|50|55|66|71,3,75,RELACION_DE_TERCER_NIVEL,RELACION_DE_TERCER_NIVEL,,,1,Gana Mas,3,163128,18,-1,2,1,New York 10:30,3
2019-08-13,68,47,76,4|36|68|79|84,3,63,RELACION_DE_TERCER_NIVEL,RELACION_DE_TERCER_NIVEL,,,1,Gana Mas,1,163125,84,2,5,1,New York 2:30,3
2019-08-18,70,44,7,22|59|70|75|91,3,5,RELACION_DE_SEGUNDO_NIVEL,RELACION_DE_SEGUNDO_NIVEL,,,1,Gana Mas,1,163121,91,2,5,1,Loteria Nacional,1
2019-08-20,29,41,22,13|29|93,2,55,RELACION_DE_SEGUNDO_NIVEL,RELACION_DE_SEGUNDO_NIVEL,,,1,Gana Mas,2,163119,93,1,3,2,Quiniela Loteka,1
2019-08-20,69,45,57,69|80,1,8,RELACION_DE_SEGUNDO_NIVEL,RELACION_DE_SEGUNDO_NIVEL,,,1,Gana Mas,1,163119,80,1,2,5,New York 2:30,3
2019-08-23,90,46,42,37|58|74|90,4,83,RELACION_DE_SEGUNDO_NIVEL,RELACION_DE_SEGUNDO_NIVEL,,,1,Gana Mas,1,163116,74,-1,3,1,Quiniela Loteka,1
2019-09-02,83,49,3,35|40|83,3,41,RELACION_DE_SEGUNDO_NIVEL,RELACION_DE_SEGUNDO_NIVEL,,,1,Gana Mas,2,163106,35,-2,1,3,Gana Mas,2
2019-09-03,68,47,92,4|36|68|79|84,3,8,RELACION_DE_TERCER_NIVEL,RELACION_DE_TERCER_NIVEL,,,1,Loteria Nacional,2,109174,4,-2,1,1,New York 2:30,2
2019-09-04,65,52,37,65|97,1,64,RELACION_DE_TERCER_NIVEL,RELACION_DE_TERCER_NIVEL,,,1,Gana Mas,1,163105,97,1,2,4,Loteria Nacional,1
2019-09-12,44,43,63,12|28|44|60|81|92,3,7,MISMO_GRUPO_T2,MISMO_GRUPO_T2|MISMO_CODIGO_T2|VECINO_DEL_CONFIRMADOR,,,1,Gana Mas,2,163097,60,1,4,1,New York 10:30,1
2019-09-12,92,43,68,12|28|44|60|81|92,6,7,RELACION_DE_SEGUNDO_NIVEL,RELACION_DE_SEGUNDO_NIVEL,,,1,Gana Mas,2,163097,60,-2,4,1,New York 10:30,1
2019-10-03,12,43,89,12|28|44|60|81|92,1,42,RELACION_DE_SEGUNDO_NIVEL,RELACION_DE_SEGUNDO_NIVEL,,,1,Gana Mas,1,163078,44,2,3,1,Quiniela Real,2
2019-10-03,72,40,26,8|19|51|56|67|72,6,42,RELACION_DE_TERCER_NIVEL,RELACION_DE_TERCER_NIVEL,,,1,Gana Mas,1,163078,19,-4,2,2,Quiniela Real,1
2019-10-05,63,38,22,20|31|47|52|63|100,5,21,RELACION_DE_SEGUNDO_NIVEL,RELACION_DE_SEGUNDO_NIVEL,,,1,Gana Mas,1,163076,31,-3,2,1,Gana Mas,2
2019-10-21,45,50,32,45,1,32,MISMO_GRUPO_T2,MISMO_GRUPO_T2|MISMO_CODIGO_T2|POSICION_T2_ADYACENTE|CONFIRMADOR_ORIGINAL,,,1,Gana Mas,2,163060,,,,,,
2019-10-31,28,43,87,12|28|44|60|81|92,2,74,RELACION_DE_TERCER_NIVEL,RELACION_DE_TERCER_NIVEL,,,1,Gana Mas,1,163050,44,1,3,2,Quiniela Leidsa,2
2019-11-02,7,42,29,7|18|23|50|55|66|71,1,9,MISMO_GRUPO_T2,MISMO_GRUPO_T2|MISMO_CODIGO_T2|POSICION_T2_ADYACENTE|VECINO_DEL_CONFIRMADOR,,,1,Gana Mas,2,163048,18,1,2,1,Loteria Nacional,3
2019-11-03,3,31,30,3|24|88|99,1,99,MISMO_GRUPO_T1,MISMO_GRUPO_T1|MISMO_CODIGO_T1|POSICION_T1_CERCANA|CANDIDATO_ORIGINAL_ALTERNATIVO,4,3,1,Loteria Nacional,1,109114,99,3,4,1,Loteria Nacional,1
2019-11-09,56,40,41,8|19|51|56|67|72,4,80,RELACION_DE_SEGUNDO_NIVEL,RELACION_DE_SEGUNDO_NIVEL,,,1,Gana Mas,1,163041,67,1,5,1,Quiniela Real,3
2019-11-10,57,30,69,25|57,2,25,MISMO_GRUPO_T1,MISMO_GRUPO_T1|MISMO_CODIGO_T1|POSICION_T1_ADYACENTE|CANDIDATO_ORIGINAL_ALTERNATIVO,1,-1,1,Gana Mas,1,163040,25,-1,1,1,Gana Mas,1
2019-11-18,94,39,58,9|14|30|41|46|62|78|94,8,45,CANDIDATO_ORIGINAL_ALTERNATIVO,CANDIDATO_ORIGINAL_ALTERNATIVO,,,1,Gana Mas,1,163033,41,-4,4,1,Quiniela Leidsa,3
2019-11-26,9,39,22,9|14|30|41|46|62|78|94,1,33,CANDIDATO_ORIGINAL_ALTERNATIVO,CANDIDATO_ORIGINAL_ALTERNATIVO,,,1,Gana Mas,1,163026,41,3,4,1,New York 2:30,1
2019-11-27,89,48,41,73|89,2,6,RELACION_DE_TERCER_NIVEL,RELACION_DE_TERCER_NIVEL,,,1,Gana Mas,1,163025,,,,,,
2019-12-25,26,28,72,21|26|53,2,67,COMPANERO_DEL_CONFIRMADOR,COMPANERO_DEL_CONFIRMADOR,,,1,Gana Mas,3,163000,53,1,3,1,New York 2:30,2
2020-01-04,67,40,88,8|19|51|56|67|72,5,59,RELACION_DE_SEGUNDO_NIVEL,RELACION_DE_SEGUNDO_NIVEL,,,1,Gana Mas,3,162992,72,1,6,2,Gana Mas,1
2020-01-05,73,48,23,73|89,1,72,RELACION_DE_TERCER_NIVEL,RELACION_DE_TERCER_NIVEL,,,1,Gana Mas,1,162991,89,1,2,5,New York 2:30,3
2020-01-09,53,28,90,21|26|53,3,23,RELACION_DE_SEGUNDO_NIVEL,RELACION_DE_SEGUNDO_NIVEL,,,1,Gana Mas,1,162987,21,-2,1,2,New York 2:30,3
2020-01-19,27,26,92,27|38,1,85,RELACION_DE_TERCER_NIVEL,RELACION_DE_TERCER_NIVEL,,,1,Gana Mas,1,162977,38,1,2,1,Loteria Nacional,1
2020-01-26,22,44,7,22|59|70|75|91,1,50,COMPANERO_DEL_CONFIRMADOR,COMPANERO_DEL_CONFIRMADOR,,,1,Gana Mas,1,162972,91,4,5,1,New York 10:30,1
2020-01-26,59,44,34,22|59|70|75|91,2,50,RELACION_DE_TERCER_NIVEL,RELACION_DE_TERCER_NIVEL,,,1,Gana Mas,1,162972,91,3,5,1,New York 10:30,1
2020-01-31,87,33,23,2|39|82|87,4,76,RELACION_DE_TERCER_NIVEL,RELACION_DE_TERCER_NIVEL,,,1,Loteria Nacional,3,109030,2,-3,1,6,New York 2:30,2
2020-02-17,40,49,4,35|40|83,2,24,RELACION_DE_TERCER_NIVEL,RELACION_DE_TERCER_NIVEL,,,1,Gana Mas,1,162952,83,1,3,1,Gana Mas,3
2020-02-19,7,42,70,7|18|23|50|55|66|71,1,4,RELACION_DE_TERCER_NIVEL,RELACION_DE_TERCER_NIVEL,,,1,Gana Mas,1,162950,66,5,6,1,New York 10:30,2
2020-02-21,44,43,35,12|28|44|60|81|92,3,85,RELACION_DE_SEGUNDO_NIVEL,RELACION_DE_SEGUNDO_NIVEL,,,1,Gana Mas,1,162948,92,3,6,1,Loteria Nacional,1
2020-03-07,68,47,27,4|36|68|79|84,3,56,RELACION_DE_TERCER_NIVEL,RELACION_DE_TERCER_NIVEL,,,1,Gana Mas,1,162935,4,-2,1,1,New York 10:30,1
2020-03-11,19,40,86,8|19|51|56|67|72,2,21,RELACION_DE_SEGUNDO_NIVEL,RELACION_DE_SEGUNDO_NIVEL,,,1,Gana Mas,1,162931,56,2,4,1,Gana Mas,3
2020-03-12,9,39,29,9|14|30|41|46|62|78|94,1,21,RELACION_DE_SEGUNDO_NIVEL,RELACION_DE_SEGUNDO_NIVEL,,,1,Gana Mas,1,162930,94,7,8,1,Gana Mas,3
2020-03-13,46,39,86,9|14|30|41|46|62|78|94,5,69,RELACION_DE_TERCER_NIVEL,RELACION_DE_TERCER_NIVEL,,,1,Gana Mas,2,162929,62,1,6,1,Loteria Nacional,1
2020-03-13,68,47,92,4|36|68|79|84,3,71,RELACION_DE_TERCER_NIVEL,RELACION_DE_TERCER_NIVEL,,,1,Gana Mas,3,162929,79,1,4,1,New York 10:30,3
2020-03-16,10,37,1,5|10|42,2,62,RELACION_DE_TERCER_NIVEL,RELACION_DE_TERCER_NIVEL,,,1,Gana Mas,1,162927,5,-1,1,1,Loteria Nacional,2
2020-03-18,34,51,59,34|98,1,19,RELACION_DE_SEGUNDO_NIVEL,RELACION_DE_SEGUNDO_NIVEL,,,1,New York 2:30,2,47391,98,1,2,5,New York 10:30,1
2020-04-11,93,41,97,13|29|93,3,28,RELACION_DE_TERCER_NIVEL,RELACION_DE_TERCER_NIVEL,,,1,New York 10:30,1,49830,,,,,,
2020-04-12,77,32,28,77,1,55,RELACION_DE_SEGUNDO_NIVEL,RELACION_DE_SEGUNDO_NIVEL,,,1,New York 10:30,1,49829,,,,,,
2020-04-16,30,39,3,9|14|30|41|46|62|78|94,3,14,MISMO_GRUPO_T1,MISMO_GRUPO_T1|MISMO_CODIGO_T1|POSICION_T1_ADYACENTE|CANDIDATO_ORIGINAL_ALTERNATIVO,2,-1,1,New York 10:30,1,49825,14,-1,2,1,New York 10:30,1
2020-06-04,69,45,11,69|80,1,25,RELACION_DE_SEGUNDO_NIVEL,RELACION_DE_SEGUNDO_NIVEL,,,1,Gana Mas,1,162923,,,,,,
2020-06-07,90,46,70,37|58|74|90,4,47,RELACION_DE_SEGUNDO_NIVEL,RELACION_DE_SEGUNDO_NIVEL,,,1,Gana Mas,1,162920,74,-1,3,1,Quiniela Real,1
2020-06-10,63,38,29,20|31|47|52|63|100,5,55,CANDIDATO_ORIGINAL_ALTERNATIVO,CANDIDATO_ORIGINAL_ALTERNATIVO,,,1,Gana Mas,2,162918,31,-3,2,1,Quiniela Leidsa,2
2020-06-12,4,47,40,4|36|68|79|84,1,28,RELACION_DE_TERCER_NIVEL,RELACION_DE_TERCER_NIVEL,,,1,Gana Mas,2,162916,68,2,3,2,New York 2:30,1
2020-06-14,22,44,35,22|59|70|75|91,1,55,RELACION_DE_SEGUNDO_NIVEL,RELACION_DE_SEGUNDO_NIVEL,,,1,Gana Mas,1,162914,70,2,3,1,Loteria Nacional,1
2020-06-15,54,35,14,6|11|43|54|86,4,39,RELACION_DE_TERCER_NIVEL,RELACION_DE_TERCER_NIVEL,,,1,Gana Mas,3,162913,86,1,5,1,New York 2:30,3
2020-06-20,85,36,52,32|48|64|85,4,65,CANDIDATO_ORIGINAL_ALTERNATIVO,CANDIDATO_ORIGINAL_ALTERNATIVO|FUERTE_ALTERNATIVO,,,1,Gana Mas,1,162909,32,-3,1,3,Gana Mas,3
2020-06-29,56,40,89,8|19|51|56|67|72,4,50,RELACION_DE_SEGUNDO_NIVEL,RELACION_DE_SEGUNDO_NIVEL,,,1,Gana Mas,3,162900,8,-3,1,1,New York 10:30,3
2020-06-29,91,44,69,22|59|70|75|91,5,50,RELACION_DE_TERCER_NIVEL,RELACION_DE_TERCER_NIVEL,,,1,Gana Mas,3,162900,59,-3,2,2,New York 10:30,1
2020-06-30,57,30,69,25|57,2,9,RELACION_DE_TERCER_NIVEL,RELACION_DE_TERCER_NIVEL,,,1,Gana Mas,1,162899,25,-1,1,2,Gana Mas,1
2020-07-01,42,37,9,5|10|42,3,3,RELACION_DE_TERCER_NIVEL,RELACION_DE_TERCER_NIVEL,,,1,Gana Mas,2,162898,5,-2,1,1,New York 10:30,2
2020-07-10,75,44,62,22|59|70|75|91,4,67,RELACION_DE_TERCER_NIVEL,RELACION_DE_TERCER_NIVEL,,,1,Gana Mas,1,162890,70,-1,3,1,Quiniela Loteka,2
2020-07-10,90,46,44,37|58|74|90,4,36,RELACION_DE_TERCER_NIVEL,RELACION_DE_TERCER_NIVEL,,,1,Gana Mas,3,162890,37,-3,1,7,New York 10:30,1
2020-07-11,68,47,92,4|36|68|79|84,3,87,RELACION_DE_TERCER_NIVEL,RELACION_DE_TERCER_NIVEL,,,1,Gana Mas,2,162889,84,2,5,1,Loteria Nacional,2
2020-07-11,79,47,67,4|36|68|79|84,4,88,MISMO_GRUPO_T2,MISMO_GRUPO_T2|MISMO_CODIGO_T2|POSICION_T2_ADYACENTE|VECINO_DEL_CONFIRMADOR,,,1,Gana Mas,3,162889,84,1,5,1,Loteria Nacional,2
2020-07-12,12,43,41,12|28|44|60|81|92,1,33,RELACION_DE_TERCER_NIVEL,RELACION_DE_TERCER_NIVEL,,,1,Gana Mas,2,162888,81,4,5,1,Quiniela Real,1
2020-07-17,42,37,44,5|10|42,3,77,RELACION_DE_TERCER_NIVEL,RELACION_DE_TERCER_NIVEL,,,1,Gana Mas,1,162883,10,-1,2,4,New York 10:30,3
2020-07-17,91,44,57,22|59|70|75|91,5,71,RELACION_DE_TERCER_NIVEL,RELACION_DE_TERCER_NIVEL,,,1,Gana Mas,3,162883,22,-4,1,1,Quiniela Real,2
2020-07-23,42,37,35,5|10|42,3,12,RELACION_DE_SEGUNDO_NIVEL,RELACION_DE_SEGUNDO_NIVEL,,,1,Gana Mas,1,162877,5,-2,1,1,Quiniela Leidsa,1
2020-07-27,87,33,23,2|39|82|87,4,60,CANDIDATO_ORIGINAL_ALTERNATIVO,CANDIDATO_ORIGINAL_ALTERNATIVO,,,1,Gana Mas,1,162873,2,-3,1,2,Loteria Nacional,3
2020-07-31,42,37,63,5|10|42,3,62,RELACION_DE_SEGUNDO_NIVEL,RELACION_DE_SEGUNDO_NIVEL,,,1,Gana Mas,2,162870,5,-2,1,3,Quiniela Real,1
2020-07-31,90,46,63,37|58|74|90,4,62,RELACION_DE_SEGUNDO_NIVEL,RELACION_DE_SEGUNDO_NIVEL,,,1,Gana Mas,2,162870,74,-1,3,2,Quiniela Leidsa,2
2020-08-03,13,41,17,13|29|93,1,12,RELACION_DE_TERCER_NIVEL,RELACION_DE_TERCER_NIVEL,,,1,Gana Mas,3,162867,29,1,2,3,Quiniela Leidsa,1
2020-08-05,69,45,57,69|80,1,63,RELACION_DE_TERCER_NIVEL,RELACION_DE_TERCER_NIVEL,,,1,Gana Mas,1,162865,80,1,2,4,New York 10:30,2
2020-08-07,70,44,22,22|59|70|75|91,3,68,RELACION_DE_TERCER_NIVEL,RELACION_DE_TERCER_NIVEL,,,1,Gana Mas,1,162863,22,-2,1,1,Quiniela Leidsa,3
2020-08-27,16,27,25,16,1,69,RELACION_DE_TERCER_NIVEL,RELACION_DE_TERCER_NIVEL,,,2,Loteria Nacional,1,108901,,,,,,
2020-08-29,1,34,10,1|17|33|49|76,1,52,RELACION_DE_SEGUNDO_NIVEL,RELACION_DE_SEGUNDO_NIVEL,,,1,Gana Mas,1,162844,17,1,2,4,Gana Mas,2
2020-08-31,44,43,9,12|28|44|60|81|92,3,59,RELACION_DE_SEGUNDO_NIVEL,RELACION_DE_SEGUNDO_NIVEL,,,1,Gana Mas,1,162842,92,3,6,1,Quiniela Leidsa,1
2020-09-12,83,49,30,35|40|83,3,20,RELACION_DE_TERCER_NIVEL,RELACION_DE_TERCER_NIVEL,,,1,Gana Mas,1,162831,35,-2,1,2,Gana Mas,2
2020-09-13,60,43,6,12|28|44|60|81|92,4,81,MISMO_GRUPO_T1,MISMO_GRUPO_T1|MISMO_CODIGO_T1|POSICION_T1_ADYACENTE|CANDIDATO_ORIGINAL_ALTERNATIVO,5,1,1,Gana Mas,1,162830,81,1,5,1,Gana Mas,1
2020-09-29,53,28,35,21|26|53,3,3,RELACION_DE_TERCER_NIVEL,RELACION_DE_TERCER_NIVEL,,,1,Gana Mas,2,162816,26,-1,2,2,Gana Mas,2
2020-10-07,7,42,44,7|18|23|50|55|66|71,1,3,RELACION_DE_TERCER_NIVEL,RELACION_DE_TERCER_NIVEL,,,1,Gana Mas,2,162808,66,5,6,1,New York 10:30,3
2020-10-07,48,36,93,32|48|64|85,2,82,RELACION_DE_TERCER_NIVEL,RELACION_DE_TERCER_NIVEL,,,1,Gana Mas,3,162808,85,2,4,1,New York 2:30,2
2020-10-11,7,42,70,7|18|23|50|55|66|71,1,60,RELACION_DE_SEGUNDO_NIVEL,RELACION_DE_SEGUNDO_NIVEL,,,1,Gana Mas,3,162804,55,4,5,1,Loteria Nacional,2
2020-10-18,63,38,90,20|31|47|52|63|100,5,12,RELACION_DE_SEGUNDO_NIVEL,RELACION_DE_SEGUNDO_NIVEL,,,1,Gana Mas,1,162798,52,-1,4,1,Quiniela Leidsa,3
2020-10-24,71,42,12,7|18|23|50|55|66|71,7,7,MISMO_GRUPO_T1,MISMO_GRUPO_T1|MISMO_CODIGO_T1|POSICION_T1_LEJANA|CANDIDATO_ORIGINAL_ALTERNATIVO,1,-6,1,Gana Mas,1,162792,7,-6,1,1,Gana Mas,1
2020-11-01,68,47,76,4|36|68|79|84,3,40,RELACION_DE_SEGUNDO_NIVEL,RELACION_DE_SEGUNDO_NIVEL,,,1,Gana Mas,1,162785,79,1,4,3,Loteria Nacional,1
2020-11-06,53,28,63,21|26|53,3,65,RELACION_DE_TERCER_NIVEL,RELACION_DE_TERCER_NIVEL,,,1,Loteria Nacional,1,108832,21,-2,1,6,New York 2:30,3
2020-11-15,29,41,63,13|29|93,2,69,RELACION_DE_TERCER_NIVEL,RELACION_DE_TERCER_NIVEL,,,1,Gana Mas,1,162772,93,1,3,3,New York 2:30,1
2020-11-22,7,42,63,7|18|23|50|55|66|71,1,76,RELACION_DE_TERCER_NIVEL,RELACION_DE_TERCER_NIVEL,,,1,Gana Mas,1,162765,50,3,4,1,Gana Mas,3
2020-11-25,73,48,23,73|89,1,23,MISMO_GRUPO_T2,MISMO_GRUPO_T2|MISMO_CODIGO_T2|CONFIRMADOR_ORIGINAL,,,1,Gana Mas,1,162762,,,,,,
2020-11-25,89,48,12,73|89,2,23,RELACION_DE_SEGUNDO_NIVEL,RELACION_DE_SEGUNDO_NIVEL,,,1,Gana Mas,1,162762,,,,,,
2020-12-02,3,31,30,3|24|88|99,1,83,MISMO_GRUPO_T2,MISMO_GRUPO_T2|MISMO_CODIGO_T2|VECINO_DEL_CONFIRMADOR,,,1,Gana Mas,1,162755,88,2,3,3,Loteria Nacional,2
2020-12-07,44,43,35,12|28|44|60|81|92,3,28,MISMO_GRUPO_T1,MISMO_GRUPO_T1|MISMO_CODIGO_T1|POSICION_T1_ADYACENTE|CANDIDATO_ORIGINAL_ALTERNATIVO|FUERTE_ALTERNATIVO,2,-1,1,Gana Mas,1,162750,28,-1,2,1,Gana Mas,1
2020-12-13,12,43,56,12|28|44|60|81|92,1,80,RELACION_DE_TERCER_NIVEL,RELACION_DE_TERCER_NIVEL,,,1,Gana Mas,1,162744,92,5,6,2,Gana Mas,1
2020-12-14,72,40,26,8|19|51|56|67|72,6,92,RELACION_DE_TERCER_NIVEL,RELACION_DE_TERCER_NIVEL,,,1,Gana Mas,1,162743,19,-4,2,2,Loteria Nacional,2
2020-12-15,72,40,26,8|19|51|56|67|72,6,60,RELACION_DE_TERCER_NIVEL,RELACION_DE_TERCER_NIVEL,,,1,Gana Mas,1,162742,19,-4,2,1,Loteria Nacional,2
2020-12-22,77,32,73,77,1,7,RELACION_DE_SEGUNDO_NIVEL,RELACION_DE_SEGUNDO_NIVEL,,,1,Gana Mas,2,162735,,,,,,
2020-12-28,3,31,30,3|24|88|99,1,70,RELACION_DE_TERCER_NIVEL,RELACION_DE_TERCER_NIVEL,,,1,Loteria Nacional,1,108782,88,2,3,1,New York 10:30,1
2021-01-05,3,31,83,3|24|88|99,1,68,RELACION_DE_TERCER_NIVEL,RELACION_DE_TERCER_NIVEL,,,1,Gana Mas,1,162725,24,1,2,4,New York 2:30,3
2021-01-06,22,44,90,22|59|70|75|91,1,6,RELACION_DE_TERCER_NIVEL,RELACION_DE_TERCER_NIVEL,,,1,Gana Mas,1,162724,70,2,3,1,Quiniela Loteka,2
2021-01-11,27,26,68,27|38,1,79,COMPANERO_DEL_CONFIRMADOR,COMPANERO_DEL_CONFIRMADOR,,,1,Gana Mas,1,162719,38,1,2,3,Quiniela Real,1
2021-01-13,68,47,76,4|36|68|79|84,3,81,RELACION_DE_SEGUNDO_NIVEL,RELACION_DE_SEGUNDO_NIVEL,,,1,Gana Mas,3,162717,79,1,4,1,Quiniela Leidsa,1
2021-01-15,26,28,72,21|26|53,2,92,RELACION_DE_TERCER_NIVEL,RELACION_DE_TERCER_NIVEL,,,1,Gana Mas,1,162715,21,-1,1,7,Quiniela Leidsa,3
2021-01-15,53,28,22,21|26|53,3,92,RELACION_DE_SEGUNDO_NIVEL,RELACION_DE_SEGUNDO_NIVEL,,,1,Gana Mas,1,162715,21,-2,1,7,Quiniela Leidsa,3
2021-01-16,86,35,46,6|11|43|54|86,5,51,RELACION_DE_SEGUNDO_NIVEL,RELACION_DE_SEGUNDO_NIVEL,,,1,Gana Mas,1,162714,43,-2,3,1,New York 10:30,1
2021-01-22,90,46,70,37|58|74|90,4,19,RELACION_DE_TERCER_NIVEL,RELACION_DE_TERCER_NIVEL,,,1,Gana Mas,1,162709,37,-3,1,1,Gana Mas,3
2021-02-04,44,43,63,12|28|44|60|81|92,3,9,MISMO_GRUPO_T2,MISMO_GRUPO_T2|MISMO_CODIGO_T2|VECINO_DEL_CONFIRMADOR,,,1,Gana Mas,1,162696,81,2,5,1,Quiniela Leidsa,1
2021-02-06,74,46,31,37|58|74|90,3,94,RELACION_DE_SEGUNDO_NIVEL,RELACION_DE_SEGUNDO_NIVEL,,,1,Gana Mas,2,162694,90,1,4,3,Gana Mas,2
2021-02-09,9,39,42,9|14|30|41|46|62|78|94,1,39,RELACION_DE_SEGUNDO_NIVEL,RELACION_DE_SEGUNDO_NIVEL,,,1,Gana Mas,1,162691,46,4,5,2,New York 10:30,1
2021-02-10,9,39,29,9|14|30|41|46|62|78|94,1,57,RELACION_DE_TERCER_NIVEL,RELACION_DE_TERCER_NIVEL,,,1,Gana Mas,1,162690,46,4,5,1,New York 10:30,1
2021-02-10,69,45,11,69|80,1,57,MISMO_GRUPO_T2,MISMO_GRUPO_T2|MISMO_CODIGO_T2|POSICION_T2_ADYACENTE|VECINO_DEL_CONFIRMADOR,,,1,Gana Mas,1,162690,80,1,2,1,Gana Mas,2
2021-02-12,14,39,54,9|14|30|41|46|62|78|94,2,85,CANDIDATO_ORIGINAL_ALTERNATIVO,CANDIDATO_ORIGINAL_ALTERNATIVO,,,1,Gana Mas,2,162688,78,5,7,1,New York 10:30,1
2021-02-15,44,43,29,12|28|44|60|81|92,3,59,RELACION_DE_SEGUNDO_NIVEL,RELACION_DE_SEGUNDO_NIVEL,,,1,Gana Mas,1,162686,81,2,5,1,Loteria Nacional,2
2021-02-16,58,46,84,37|58|74|90,2,94,MISMO_GRUPO_T2,MISMO_GRUPO_T2|MISMO_CODIGO_T2|VECINO_DEL_CONFIRMADOR,,,1,Gana Mas,3,162685,90,2,4,5,New York 10:30,1
2021-02-16,73,48,23,73|89,1,51,RELACION_DE_TERCER_NIVEL,RELACION_DE_TERCER_NIVEL,,,1,Gana Mas,2,162685,89,1,2,1,New York 2:30,3
2021-02-18,32,36,45,32|48|64|85,1,20,RELACION_DE_TERCER_NIVEL,RELACION_DE_TERCER_NIVEL,,,1,Gana Mas,1,162683,64,2,3,1,Quiniela Loteka,2
2021-02-22,27,26,76,27|38,1,65,CANDIDATO_ORIGINAL_ALTERNATIVO,CANDIDATO_ORIGINAL_ALTERNATIVO,,,1,Gana Mas,1,162679,,,,,,
2021-03-03,37,46,65,37|58|74|90,1,44,RELACION_DE_SEGUNDO_NIVEL,RELACION_DE_SEGUNDO_NIVEL,,,1,Gana Mas,1,162671,74,2,3,5,Quiniela Leidsa,3
2021-03-09,76,34,92,1|17|33|49|76,5,19,CANDIDATO_ORIGINAL_ALTERNATIVO,CANDIDATO_ORIGINAL_ALTERNATIVO,,,1,Gana Mas,3,162665,17,-3,2,1,Quiniela Real,1
2021-03-12,23,42,77,7|18|23|50|55|66|71,3,71,MISMO_GRUPO_T1,MISMO_GRUPO_T1|MISMO_CODIGO_T1|POSICION_T1_LEJANA|CANDIDATO_ORIGINAL_ALTERNATIVO|FUERTE_ALTERNATIVO,7,4,1,Gana Mas,3,162662,71,4,7,1,Gana Mas,3
2021-03-12,90,46,42,37|58|74|90,4,71,CANDIDATO_ORIGINAL_ALTERNATIVO,CANDIDATO_ORIGINAL_ALTERNATIVO|FUERTE_ALTERNATIVO,,,1,Gana Mas,3,162662,37,-3,1,3,Gana Mas,2
2021-03-13,32,36,45,32|48|64|85,1,52,RELACION_DE_SEGUNDO_NIVEL,RELACION_DE_SEGUNDO_NIVEL,,,1,Gana Mas,3,162661,85,3,4,1,Quiniela Loteka,2
2021-03-14,70,44,7,22|59|70|75|91,3,37,CANDIDATO_ORIGINAL_ALTERNATIVO,CANDIDATO_ORIGINAL_ALTERNATIVO,,,1,Gana Mas,2,162660,22,-2,1,1,Loteria Nacional,1
2021-03-15,32,36,45,32|48|64|85,1,92,RELACION_DE_TERCER_NIVEL,RELACION_DE_TERCER_NIVEL,,,1,Loteria Nacional,3,108724,85,3,4,1,Quiniela Loteka,1
2021-03-18,7,42,63,7|18|23|50|55|66|71,1,67,RELACION_DE_TERCER_NIVEL,RELACION_DE_TERCER_NIVEL,,,1,Gana Mas,1,162657,55,4,5,1,Gana Mas,3
2021-03-19,42,37,44,5|10|42,3,62,RELACION_DE_SEGUNDO_NIVEL,RELACION_DE_SEGUNDO_NIVEL,,,1,Gana Mas,1,162656,10,-1,2,3,Gana Mas,1
2021-03-24,48,36,93,32|48|64|85,2,44,RELACION_DE_TERCER_NIVEL,RELACION_DE_TERCER_NIVEL,,,1,New York 10:30,1,49483,85,2,4,6,Loteria Nacional,3
2021-03-31,100,38,10,20|31|47|52|63|100,6,7,RELACION_DE_SEGUNDO_NIVEL,RELACION_DE_SEGUNDO_NIVEL,,,1,New York 10:30,3,49476,47,-3,3,4,New York 10:30,3
2021-04-01,90,46,22,37|58|74|90,4,40,RELACION_DE_SEGUNDO_NIVEL,RELACION_DE_SEGUNDO_NIVEL,,,1,New York 10:30,1,49475,74,-1,3,3,Gana Mas,1
2021-04-02,51,40,21,8|19|51|56|67|72,3,34,RELACION_DE_SEGUNDO_NIVEL,RELACION_DE_SEGUNDO_NIVEL,,,1,New York 10:30,1,49474,67,2,5,1,New York 2:30,3
2021-04-03,1,34,10,1|17|33|49|76,1,74,RELACION_DE_TERCER_NIVEL,RELACION_DE_TERCER_NIVEL,,,1,Gana Mas,1,162644,33,2,3,2,New York 10:30,2
2021-04-04,77,32,23,77,1,50,COMPANERO_DEL_CONFIRMADOR,COMPANERO_DEL_CONFIRMADOR,,,1,Gana Mas,1,162643,,,,,,
2021-04-06,77,32,87,77,1,92,RELACION_DE_SEGUNDO_NIVEL,RELACION_DE_SEGUNDO_NIVEL,,,1,Gana Mas,1,162642,,,,,,
2021-04-14,7,42,63,7|18|23|50|55|66|71,1,6,RELACION_DE_TERCER_NIVEL,RELACION_DE_TERCER_NIVEL,,,1,Gana Mas,1,162634,71,6,7,1,Quiniela Loteka,2
2021-04-23,12,43,56,12|28|44|60|81|92,1,36,RELACION_DE_TERCER_NIVEL,RELACION_DE_TERCER_NIVEL,,,1,Gana Mas,1,162626,60,3,4,4,Quiniela Leidsa,3
2021-04-23,44,43,53,12|28|44|60|81|92,3,36,RELACION_DE_TERCER_NIVEL,RELACION_DE_TERCER_NIVEL,,,1,Gana Mas,1,162626,60,1,4,4,Quiniela Leidsa,3
2021-04-24,41,39,71,9|14|30|41|46|62|78|94,4,70,RELACION_DE_SEGUNDO_NIVEL,RELACION_DE_SEGUNDO_NIVEL,,,1,Gana Mas,1,162625,14,-2,2,1,New York 2:30,3
2021-04-30,82,33,37,2|39|82|87,3,62,CANDIDATO_ORIGINAL_ALTERNATIVO,CANDIDATO_ORIGINAL_ALTERNATIVO,,,1,New York 10:30,1,49446,39,-1,2,4,Loteria Nacional,1
2021-05-03,35,49,53,35|40|83,1,78,RELACION_DE_SEGUNDO_NIVEL,RELACION_DE_SEGUNDO_NIVEL,,,1,Gana Mas,1,162617,40,1,2,6,Quiniela Leidsa,1
2021-05-03,56,40,12,8|19|51|56|67|72,4,78,RELACION_DE_SEGUNDO_NIVEL,RELACION_DE_SEGUNDO_NIVEL,,,1,Gana Mas,1,162617,67,1,5,2,Quiniela Leidsa,1
2021-05-10,76,34,27,1|17|33|49|76,5,70,RELACION_DE_TERCER_NIVEL,RELACION_DE_TERCER_NIVEL,,,1,Gana Mas,1,162610,1,-4,1,1,Quiniela Leidsa,3
2021-05-15,53,28,44,21|26|53,3,35,MISMO_GRUPO_T2,MISMO_GRUPO_T2|MISMO_CODIGO_T2|VECINO_DEL_CONFIRMADOR|CANDIDATO_ORIGINAL_ALTERNATIVO|FUERTE_ALTERNATIVO,,,1,Gana Mas,1,162605,26,-1,2,1,Loteria Nacional,1
2021-06-02,62,39,75,9|14|30|41|46|62|78|94,6,31,RELACION_DE_TERCER_NIVEL,RELACION_DE_TERCER_NIVEL,,,1,Gana Mas,1,162587,30,-3,3,1,Quiniela Leidsa,2
2021-06-04,22,44,7,22|59|70|75|91,1,87,RELACION_DE_TERCER_NIVEL,RELACION_DE_TERCER_NIVEL,,,1,Gana Mas,1,162585,91,4,5,2,New York 10:30,2
2021-06-04,70,44,7,22|59|70|75|91,3,87,RELACION_DE_TERCER_NIVEL,RELACION_DE_TERCER_NIVEL,,,1,Gana Mas,1,162585,91,2,5,2,New York 10:30,2
2021-06-07,9,39,90,9|14|30|41|46|62|78|94,1,57,RELACION_DE_TERCER_NIVEL,RELACION_DE_TERCER_NIVEL,,,1,Gana Mas,1,162582,41,3,4,2,Loteria Nacional,3
2021-06-08,30,39,3,9|14|30|41|46|62|78|94,3,18,RELACION_DE_TERCER_NIVEL,RELACION_DE_TERCER_NIVEL,,,1,Gana Mas,1,162581,41,1,4,1,Loteria Nacional,3
2021-06-12,9,39,22,9|14|30|41|46|62|78|94,1,67,RELACION_DE_TERCER_NIVEL,RELACION_DE_TERCER_NIVEL,,,1,Loteria Nacional,1,108641,14,1,2,2,New York 2:30,1
2021-06-19,69,45,57,69|80,1,57,MISMO_GRUPO_T2,MISMO_GRUPO_T2|MISMO_CODIGO_T2|POSICION_T2_ADYACENTE|CONFIRMADOR_ORIGINAL,,,1,Gana Mas,1,162572,80,1,2,1,Loteria Nacional,3
2021-06-21,100,38,1,20|31|47|52|63|100,6,76,COMPANERO_DEL_CONFIRMADOR,COMPANERO_DEL_CONFIRMADOR,,,1,Gana Mas,1,162570,52,-2,4,1,Quiniela Real,2
2021-06-29,42,37,90,5|10|42,3,21,CANDIDATO_ORIGINAL_ALTERNATIVO,CANDIDATO_ORIGINAL_ALTERNATIVO,,,1,Gana Mas,1,162563,10,-1,2,1,Gana Mas,2
2021-06-29,53,28,90,21|26|53,3,21,MISMO_GRUPO_T1,MISMO_GRUPO_T1|MISMO_CODIGO_T1|POSICION_T1_CERCANA|CANDIDATO_ORIGINAL_ALTERNATIVO,1,-2,1,Gana Mas,1,162563,21,-2,1,1,Gana Mas,1
2021-07-01,35,49,44,35|40|83,1,7,MISMO_GRUPO_T2,MISMO_GRUPO_T2|MISMO_CODIGO_T2|VECINO_DEL_CONFIRMADOR,,,1,Gana Mas,1,162561,40,1,2,1,New York 10:30,1
2021-07-02,53,28,7,21|26|53,3,19,CANDIDATO_ORIGINAL_ALTERNATIVO,CANDIDATO_ORIGINAL_ALTERNATIVO,,,1,Gana Mas,1,162560,26,-1,2,1,Quiniela Real,3
2021-07-07,68,47,92,4|36|68|79|84,3,94,RELACION_DE_SEGUNDO_NIVEL,RELACION_DE_SEGUNDO_NIVEL,,,1,Gana Mas,1,162556,84,2,5,2,New York 2:30,1
2021-07-08,9,39,63,9|14|30|41|46|62|78|94,1,75,RELACION_DE_SEGUNDO_NIVEL,RELACION_DE_SEGUNDO_NIVEL,,,1,Gana Mas,1,162555,30,2,3,1,New York 10:30,1
2021-07-12,63,38,29,20|31|47|52|63|100,5,33,RELACION_DE_TERCER_NIVEL,RELACION_DE_TERCER_NIVEL,,,1,Gana Mas,1,162551,20,-4,1,1,New York 10:30,3
2021-07-16,23,42,73,7|18|23|50|55|66|71,3,5,RELACION_DE_SEGUNDO_NIVEL,RELACION_DE_SEGUNDO_NIVEL,,,1,Gana Mas,1,162547,66,3,6,1,New York 10:30,1
2021-07-20,52,38,85,20|31|47|52|63|100,4,30,RELACION_DE_TERCER_NIVEL,RELACION_DE_TERCER_NIVEL,,,1,Gana Mas,2,162543,31,-2,2,1,Gana Mas,3
2021-07-22,58,46,94,37|58|74|90,2,70,RELACION_DE_SEGUNDO_NIVEL,RELACION_DE_SEGUNDO_NIVEL,,,1,Gana Mas,3,162541,90,2,4,2,Gana Mas,2
2021-08-09,84,47,58,4|36|68|79|84,5,42,RELACION_DE_TERCER_NIVEL,RELACION_DE_TERCER_NIVEL,,,1,Gana Mas,1,162523,4,-4,1,1,New York 10:30,3
2021-08-10,29,41,42,13|29|93,2,49,RELACION_DE_TERCER_NIVEL,RELACION_DE_TERCER_NIVEL,,,1,Gana Mas,1,162522,13,-1,1,3,Loteria Nacional,3
2021-08-13,44,43,22,12|28|44|60|81|92,3,80,CANDIDATO_ORIGINAL_ALTERNATIVO,CANDIDATO_ORIGINAL_ALTERNATIVO,,,1,Gana Mas,1,162519,12,-2,1,1,Quiniela Loteka,3
2021-08-24,46,39,19,9|14|30|41|46|62|78|94,5,90,RELACION_DE_SEGUNDO_NIVEL,RELACION_DE_SEGUNDO_NIVEL,,,1,Gana Mas,1,162509,62,1,6,1,New York 2:30,1
2021-08-26,42,37,7,5|10|42,3,71,COMPANERO_DEL_CONFIRMADOR,COMPANERO_DEL_CONFIRMADOR,,,1,Gana Mas,1,162507,,,,,,
2021-09-06,22,44,9,22|59|70|75|91,1,35,MISMO_GRUPO_T2,MISMO_GRUPO_T2|MISMO_CODIGO_T2|VECINO_DEL_CONFIRMADOR|CANDIDATO_ORIGINAL_ALTERNATIVO|FUERTE_ALTERNATIVO,,,1,Gana Mas,1,162496,70,2,3,1,New York 2:30,3
2021-09-08,44,43,70,12|28|44|60|81|92,3,7,MISMO_GRUPO_T2,MISMO_GRUPO_T2|MISMO_CODIGO_T2|VECINO_DEL_CONFIRMADOR,,,1,Gana Mas,1,162494,60,1,4,3,Quiniela Real,3
2021-09-08,92,43,68,12|28|44|60|81|92,6,7,RELACION_DE_SEGUNDO_NIVEL,RELACION_DE_SEGUNDO_NIVEL,,,1,Gana Mas,1,162494,60,-2,4,3,Quiniela Real,3
2021-09-12,73,48,87,73|89,1,63,RELACION_DE_TERCER_NIVEL,RELACION_DE_TERCER_NIVEL,,,1,New York 10:30,2,49311,,,,,,
2021-09-18,97,52,93,65|97,2,17,RELACION_DE_TERCER_NIVEL,RELACION_DE_TERCER_NIVEL,,,1,Gana Mas,1,162485,65,-1,1,3,Quiniela Real,1
2021-09-18,100,38,1,20|31|47|52|63|100,6,17,COMPANERO_DEL_CONFIRMADOR,COMPANERO_DEL_CONFIRMADOR,,,1,Gana Mas,1,162485,47,-3,3,3,Loteria Nacional,3
2021-09-19,13,41,17,13|29|93,1,85,RELACION_DE_TERCER_NIVEL,RELACION_DE_TERCER_NIVEL,,,1,Gana Mas,3,162484,93,2,3,3,Gana Mas,2
2021-09-25,90,46,29,37|58|74|90,4,12,RELACION_DE_SEGUNDO_NIVEL,RELACION_DE_SEGUNDO_NIVEL,,,1,Gana Mas,1,162479,74,-1,3,2,New York 2:30,2
2021-09-26,35,49,22,35|40|83,1,41,RELACION_DE_SEGUNDO_NIVEL,RELACION_DE_SEGUNDO_NIVEL,,,1,Gana Mas,1,162478,40,1,2,2,Quiniela Loteka,1
2021-09-29,29,41,9,13|29|93,2,40,RELACION_DE_SEGUNDO_NIVEL,RELACION_DE_SEGUNDO_NIVEL,,,1,Gana Mas,1,162475,13,-1,1,1,Quiniela Leidsa,3
2021-10-10,65,52,82,65|97,1,32,RELACION_DE_TERCER_NIVEL,RELACION_DE_TERCER_NIVEL,,,1,Gana Mas,2,162465,97,1,2,6,Quiniela Leidsa,2
2021-10-14,6,35,60,6|11|43|54|86,1,27,RELACION_DE_TERCER_NIVEL,RELACION_DE_TERCER_NIVEL,,,1,Loteria Nacional,1,108519,86,4,5,1,Quiniela Leidsa,2
2021-10-17,37,46,82,37|58|74|90,1,78,RELACION_DE_TERCER_NIVEL,RELACION_DE_TERCER_NIVEL,,,1,Gana Mas,2,162458,74,2,3,1,Loteria Nacional,3
2021-10-18,30,39,3,9|14|30|41|46|62|78|94,3,68,RELACION_DE_TERCER_NIVEL,RELACION_DE_TERCER_NIVEL,,,1,Gana Mas,1,162457,94,5,8,1,Gana Mas,2
2021-10-29,12,43,71,12|28|44|60|81|92,1,34,RELACION_DE_TERCER_NIVEL,RELACION_DE_TERCER_NIVEL,,,1,Gana Mas,1,162446,81,4,5,1,Loteria Nacional,2
2021-11-11,70,44,22,22|59|70|75|91,3,23,RELACION_DE_SEGUNDO_NIVEL,RELACION_DE_SEGUNDO_NIVEL,,,1,Loteria Nacional,1,108491,59,-1,2,1,New York 10:30,1
2021-11-13,9,39,90,9|14|30|41|46|62|78|94,1,65,RELACION_DE_TERCER_NIVEL,RELACION_DE_TERCER_NIVEL,,,1,Gana Mas,1,162433,14,1,2,2,Quiniela Loteka,1
2021-11-18,53,28,63,21|26|53,3,82,RELACION_DE_TERCER_NIVEL,RELACION_DE_TERCER_NIVEL,,,1,Gana Mas,1,162428,21,-2,1,1,Quiniela Leidsa,1
2021-11-24,28,43,87,12|28|44|60|81|92,2,41,RELACION_DE_SEGUNDO_NIVEL,RELACION_DE_SEGUNDO_NIVEL,,,1,Gana Mas,1,162423,60,2,4,4,New York 10:30,2
2021-11-27,44,43,22,12|28|44|60|81|92,3,6,RELACION_DE_SEGUNDO_NIVEL,RELACION_DE_SEGUNDO_NIVEL,,,1,Gana Mas,1,162420,60,1,4,1,New York 10:30,2
2021-12-06,41,39,89,9|14|30|41|46|62|78|94,4,14,MISMO_GRUPO_T1,MISMO_GRUPO_T1|MISMO_CODIGO_T1|POSICION_T1_CERCANA|CANDIDATO_ORIGINAL_ALTERNATIVO,2,-2,1,Gana Mas,2,162412,14,-2,2,1,Gana Mas,2
2021-12-07,28,43,23,12|28|44|60|81|92,2,50,COMPANERO_DEL_CONFIRMADOR,COMPANERO_DEL_CONFIRMADOR,,,1,Gana Mas,1,162411,12,-1,1,1,Quiniela Leidsa,1
2021-12-08,41,39,12,9|14|30|41|46|62|78|94,4,7,RELACION_DE_SEGUNDO_NIVEL,RELACION_DE_SEGUNDO_NIVEL,,,1,Gana Mas,1,162410,46,1,5,1,Quiniela Real,3
2021-12-13,42,37,90,5|10|42,3,77,RELACION_DE_TERCER_NIVEL,RELACION_DE_TERCER_NIVEL,,,1,Gana Mas,1,162406,5,-2,1,3,Gana Mas,3
2021-12-21,7,42,35,7|18|23|50|55|66|71,1,8,RELACION_DE_TERCER_NIVEL,RELACION_DE_TERCER_NIVEL,,,1,Gana Mas,1,162398,55,4,5,1,Quiniela Leidsa,1
2021-12-22,42,37,9,5|10|42,3,60,RELACION_DE_SEGUNDO_NIVEL,RELACION_DE_SEGUNDO_NIVEL,,,1,Gana Mas,2,162397,10,-1,2,4,New York 10:30,3
2021-12-27,10,37,1,5|10|42,2,75,RELACION_DE_TERCER_NIVEL,RELACION_DE_TERCER_NIVEL,,,1,Gana Mas,1,162394,42,1,3,5,New York 2:30,3
2022-01-02,7,42,29,7|18|23|50|55|66|71,1,65,RELACION_DE_TERCER_NIVEL,RELACION_DE_TERCER_NIVEL,,,1,Gana Mas,3,162390,66,5,6,1,Quiniela Real,2
2022-01-06,76,34,92,1|17|33|49|76,5,77,RELACION_DE_TERCER_NIVEL,RELACION_DE_TERCER_NIVEL,,,1,Gana Mas,1,162386,1,-4,1,2,Quiniela Loteka,1
2022-01-31,26,28,59,21|26|53,2,55,RELACION_DE_TERCER_NIVEL,RELACION_DE_TERCER_NIVEL,,,1,Gana Mas,1,162363,21,-1,1,3,Gana Mas,2
2022-02-02,73,48,23,73|89,1,14,RELACION_DE_TERCER_NIVEL,RELACION_DE_TERCER_NIVEL,,,1,Gana Mas,1,162361,89,1,2,1,New York 10:30,3
2022-02-05,85,36,81,32|48|64|85,4,63,RELACION_DE_SEGUNDO_NIVEL,RELACION_DE_SEGUNDO_NIVEL,,,1,Gana Mas,1,162358,64,-1,3,1,Gana Mas,3
2022-02-24,12,43,89,12|28|44|60|81|92,1,84,RELACION_DE_TERCER_NIVEL,RELACION_DE_TERCER_NIVEL,,,1,Gana Mas,1,162339,81,4,5,1,Quiniela Leidsa,3
2022-02-24,92,43,27,12|28|44|60|81|92,6,84,RELACION_DE_SEGUNDO_NIVEL,RELACION_DE_SEGUNDO_NIVEL,,,1,Gana Mas,1,162339,81,-1,5,1,Quiniela Leidsa,3
2022-02-25,56,40,41,8|19|51|56|67|72,4,22,RELACION_DE_TERCER_NIVEL,RELACION_DE_TERCER_NIVEL,,,1,Gana Mas,1,162338,19,-2,2,1,Quiniela Loteka,3
2022-02-28,59,44,26,22|59|70|75|91,2,22,MISMO_GRUPO_T1,MISMO_GRUPO_T1|MISMO_CODIGO_T1|POSICION_T1_ADYACENTE|CANDIDATO_ORIGINAL_ALTERNATIVO,1,-1,1,Gana Mas,1,162336,22,-1,1,1,Gana Mas,1
2022-03-01,75,44,62,22|59|70|75|91,4,21,RELACION_DE_TERCER_NIVEL,RELACION_DE_TERCER_NIVEL,,,1,Gana Mas,2,162335,70,-1,3,2,Quiniela Leidsa,2
2022-03-05,74,46,31,37|58|74|90,3,28,RELACION_DE_TERCER_NIVEL,RELACION_DE_TERCER_NIVEL,,,1,Gana Mas,1,162331,90,1,4,5,Quiniela Loteka,1
2022-03-06,53,28,35,21|26|53,3,27,RELACION_DE_TERCER_NIVEL,RELACION_DE_TERCER_NIVEL,,,1,Gana Mas,2,162330,26,-1,2,1,Loteria Nacional,2
2022-03-08,20,38,2,20|31|47|52|63|100,1,10,RELACION_DE_SEGUNDO_NIVEL,RELACION_DE_SEGUNDO_NIVEL,,,1,Gana Mas,2,162328,52,3,4,5,Loteria Nacional,1
2022-03-09,48,36,93,32|48|64|85,2,42,RELACION_DE_TERCER_NIVEL,RELACION_DE_TERCER_NIVEL,,,1,Loteria Nacional,3,108379,85,2,4,2,Gana Mas,1
2022-03-16,39,33,78,2|39|82|87,2,9,COMPANERO_DEL_CONFIRMADOR,COMPANERO_DEL_CONFIRMADOR,,,1,Gana Mas,1,162321,82,1,3,1,Quiniela Leidsa,3
2022-03-17,50,42,5,7|18|23|50|55|66|71,4,74,RELACION_DE_TERCER_NIVEL,RELACION_DE_TERCER_NIVEL,,,1,Gana Mas,2,162320,71,3,7,2,Loteria Nacional,2
2022-03-22,96,54,15,96,1,98,CANDIDATO_ORIGINAL_ALTERNATIVO,CANDIDATO_ORIGINAL_ALTERNATIVO,,,1,New York 2:30,1,46657,,,,,,
2022-03-24,89,48,12,73|89,2,19,RELACION_DE_SEGUNDO_NIVEL,RELACION_DE_SEGUNDO_NIVEL,,,1,Gana Mas,3,162313,73,-1,1,2,Quiniela Loteka,2
2022-03-25,27,26,76,27|38,1,90,RELACION_DE_TERCER_NIVEL,RELACION_DE_TERCER_NIVEL,,,1,Gana Mas,3,162312,38,1,2,2,New York 10:30,1
2022-03-27,20,38,2,20|31|47|52|63|100,1,53,RELACION_DE_SEGUNDO_NIVEL,RELACION_DE_SEGUNDO_NIVEL,,,1,Gana Mas,1,162310,31,1,2,1,Quiniela Loteka,3
2022-03-27,63,38,22,20|31|47|52|63|100,5,53,MISMO_GRUPO_T2,MISMO_GRUPO_T2|MISMO_CODIGO_T2|POSICION_T2_ADYACENTE|VECINO_DEL_CONFIRMADOR,,,1,Gana Mas,1,162310,31,-3,2,1,Quiniela Loteka,3
2022-03-27,70,44,22,22|59|70|75|91,3,53,MISMO_GRUPO_T2,MISMO_GRUPO_T2|MISMO_CODIGO_T2|VECINO_DEL_CONFIRMADOR,,,1,Gana Mas,1,162310,22,-2,1,2,Gana Mas,1
2022-03-31,89,48,41,73|89,2,23,RELACION_DE_SEGUNDO_NIVEL,RELACION_DE_SEGUNDO_NIVEL,,,1,Gana Mas,1,162306,73,-1,1,3,Quiniela Loteka,2
2022-04-07,57,30,11,25|57,2,75,RELACION_DE_SEGUNDO_NIVEL,RELACION_DE_SEGUNDO_NIVEL,,,1,Gana Mas,2,162299,25,-1,1,4,Loteria Nacional,1
2022-04-10,42,37,29,5|10|42,3,51,RELACION_DE_TERCER_NIVEL,RELACION_DE_TERCER_NIVEL,,,1,Gana Mas,1,162296,,,,,,
2022-04-17,22,44,53,22|59|70|75|91,1,12,RELACION_DE_SEGUNDO_NIVEL,RELACION_DE_SEGUNDO_NIVEL,,,1,Gana Mas,1,162292,91,4,5,3,Gana Mas,3
2022-04-17,45,50,32,45,1,32,MISMO_GRUPO_T2,MISMO_GRUPO_T2|MISMO_CODIGO_T2|POSICION_T2_ADYACENTE|CONFIRMADOR_ORIGINAL,,,1,Loteria Nacional,1,108343,,,,,,
2022-04-21,71,42,56,7|18|23|50|55|66|71,7,29,RELACION_DE_SEGUNDO_NIVEL,RELACION_DE_SEGUNDO_NIVEL,,,1,Gana Mas,1,162289,7,-6,1,1,Loteria Nacional,2
2022-04-22,7,42,29,7|18|23|50|55|66|71,1,63,MISMO_GRUPO_T2,MISMO_GRUPO_T2|MISMO_CODIGO_T2|VECINO_DEL_CONFIRMADOR,,,1,Gana Mas,3,162288,18,1,2,2,Loteria Nacional,2
2022-04-22,50,42,5,7|18|23|50|55|66|71,4,63,RELACION_DE_SEGUNDO_NIVEL,RELACION_DE_SEGUNDO_NIVEL,,,1,Gana Mas,3,162288,18,-2,2,2,Loteria Nacional,2
2022-04-22,73,48,23,73|89,1,63,RELACION_DE_TERCER_NIVEL,RELACION_DE_TERCER_NIVEL,,,1,Gana Mas,3,162288,89,1,2,3,Gana Mas,3
2022-04-24,7,42,90,7|18|23|50|55|66|71,1,65,RELACION_DE_TERCER_NIVEL,RELACION_DE_TERCER_NIVEL,,,1,Gana Mas,1,162286,18,1,2,1,New York 2:30,2
2022-04-29,7,42,44,7|18|23|50|55|66|71,1,29,MISMO_GRUPO_T2,MISMO_GRUPO_T2|MISMO_CODIGO_T2|VECINO_DEL_CONFIRMADOR,,,1,Gana Mas,1,162281,55,4,5,3,New York 10:30,1
2022-05-05,20,38,2,20|31|47|52|63|100,1,22,RELACION_DE_SEGUNDO_NIVEL,RELACION_DE_SEGUNDO_NIVEL,,,1,Gana Mas,1,162275,31,1,2,2,New York 2:30,2
2022-05-06,35,49,22,35|40|83,1,84,RELACION_DE_TERCER_NIVEL,RELACION_DE_TERCER_NIVEL,,,1,Gana Mas,1,162274,83,2,3,2,Quiniela Real,2
2022-05-07,94,39,84,9|14|30|41|46|62|78|94,8,51,RELACION_DE_TERCER_NIVEL,RELACION_DE_TERCER_NIVEL,,,1,Loteria Nacional,1,108323,14,-6,2,1,Loteria Nacional,3
2022-05-10,68,47,76,4|36|68|79|84,3,92,MISMO_GRUPO_T2,MISMO_GRUPO_T2|MISMO_CODIGO_T2|VECINO_DEL_CONFIRMADOR,,,1,Loteria Nacional,1,108320,84,2,5,1,New York 10:30,1
2022-06-02,26,28,72,21|26|53,2,5,RELACION_DE_TERCER_NIVEL,RELACION_DE_TERCER_NIVEL,,,1,Loteria Nacional,1,108297,21,-1,1,2,Quiniela Real,1
2022-06-05,44,43,22,12|28|44|60|81|92,3,28,MISMO_GRUPO_T1,MISMO_GRUPO_T1|MISMO_CODIGO_T1|POSICION_T1_ADYACENTE|CANDIDATO_ORIGINAL_ALTERNATIVO|FUERTE_ALTERNATIVO,2,-1,1,Gana Mas,1,162246,28,-1,2,1,Gana Mas,1
2022-06-05,77,32,87,77,1,28,MISMO_GRUPO_T2,MISMO_GRUPO_T2|MISMO_CODIGO_T2|VECINO_DEL_CONFIRMADOR|CANDIDATO_ORIGINAL_ALTERNATIVO|FUERTE_ALTERNATIVO,,,1,Gana Mas,1,162246,,,,,,
2022-06-07,35,49,53,35|40|83,1,50,RELACION_DE_SEGUNDO_NIVEL,RELACION_DE_SEGUNDO_NIVEL,,,1,Gana Mas,1,162244,40,1,2,5,Loteria Nacional,3
2022-06-08,44,43,29,12|28|44|60|81|92,3,2,RELACION_DE_TERCER_NIVEL,RELACION_DE_TERCER_NIVEL,,,1,Gana Mas,1,162243,28,-1,2,1,Gana Mas,3
2022-06-12,69,45,91,69|80,1,26,RELACION_DE_TERCER_NIVEL,RELACION_DE_TERCER_NIVEL,,,1,Gana Mas,2,162239,,,,,,
2022-06-15,77,32,87,77,1,78,CANDIDATO_ORIGINAL_ALTERNATIVO,CANDIDATO_ORIGINAL_ALTERNATIVO,,,1,Gana Mas,2,162236,,,,,,
2022-06-16,63,38,22,20|31|47|52|63|100,5,47,MISMO_GRUPO_T1,MISMO_GRUPO_T1|MISMO_CODIGO_T1|POSICION_T1_CERCANA|CANDIDATO_ORIGINAL_ALTERNATIVO,3,-2,1,Gana Mas,1,162235,47,-2,3,1,Gana Mas,1
2022-07-03,53,28,29,21|26|53,3,13,COMPANERO_DEL_CONFIRMADOR,COMPANERO_DEL_CONFIRMADOR,,,1,Gana Mas,1,162218,26,-1,2,1,New York 2:30,1
2022-07-05,67,40,79,8|19|51|56|67|72,5,60,RELACION_DE_TERCER_NIVEL,RELACION_DE_TERCER_NIVEL,,,1,Gana Mas,1,162216,51,-2,3,2,Quiniela Real,2
2022-07-10,53,28,7,21|26|53,3,70,MISMO_GRUPO_T2,MISMO_GRUPO_T2|MISMO_CODIGO_T2|VECINO_DEL_CONFIRMADOR,,,1,Gana Mas,1,162211,26,-1,2,2,Quiniela Loteka,1
2022-07-13,10,37,1,5|10|42,2,29,RELACION_DE_SEGUNDO_NIVEL,RELACION_DE_SEGUNDO_NIVEL,,,1,Gana Mas,2,162208,42,1,3,5,Quiniela Loteka,3
2022-07-22,63,38,44,20|31|47|52|63|100,5,18,RELACION_DE_SEGUNDO_NIVEL,RELACION_DE_SEGUNDO_NIVEL,,,1,Gana Mas,1,162200,20,-4,1,3,Gana Mas,3
2022-07-26,35,49,42,35|40|83,1,81,RELACION_DE_SEGUNDO_NIVEL,RELACION_DE_SEGUNDO_NIVEL,,,1,Gana Mas,1,162196,40,1,2,2,Quiniela Leidsa,3
2022-08-23,5,37,50,5|10|42,1,62,RELACION_DE_TERCER_NIVEL,RELACION_DE_TERCER_NIVEL,,,1,Gana Mas,1,162170,10,1,2,1,Gana Mas,2
2022-08-25,70,44,90,22|59|70|75|91,3,17,RELACION_DE_TERCER_NIVEL,RELACION_DE_TERCER_NIVEL,,,1,Gana Mas,1,162168,91,2,5,1,Quiniela Leidsa,1
2022-08-28,29,41,7,13|29|93,2,97,RELACION_DE_SEGUNDO_NIVEL,RELACION_DE_SEGUNDO_NIVEL,,,1,Gana Mas,1,162165,13,-1,1,4,New York 10:30,3
2022-08-31,23,42,73,7|18|23|50|55|66|71,3,90,RELACION_DE_SEGUNDO_NIVEL,RELACION_DE_SEGUNDO_NIVEL,,,1,Gana Mas,2,162162,66,3,6,2,Gana Mas,2
2022-09-02,70,44,63,22|59|70|75|91,3,14,RELACION_DE_SEGUNDO_NIVEL,RELACION_DE_SEGUNDO_NIVEL,,,1,Gana Mas,1,162160,22,-2,1,1,Gana Mas,3
2022-09-08,23,42,28,7|18|23|50|55|66|71,3,39,RELACION_DE_SEGUNDO_NIVEL,RELACION_DE_SEGUNDO_NIVEL,,,1,Gana Mas,1,162154,71,4,7,1,New York 2:30,3
2022-09-17,52,38,85,20|31|47|52|63|100,4,12,RELACION_DE_SEGUNDO_NIVEL,RELACION_DE_SEGUNDO_NIVEL,,,1,Gana Mas,1,162145,20,-3,1,1,Quiniela Loteka,3
2022-10-06,27,26,76,27|38,1,4,RELACION_DE_SEGUNDO_NIVEL,RELACION_DE_SEGUNDO_NIVEL,,,1,Gana Mas,1,162129,38,1,2,4,Quiniela Leidsa,2
2022-10-12,100,38,10,20|31|47|52|63|100,6,14,RELACION_DE_TERCER_NIVEL,RELACION_DE_TERCER_NIVEL,,,1,Gana Mas,1,162123,47,-3,3,1,Quiniela Leidsa,1
2022-10-13,39,33,78,2|39|82|87,2,37,RELACION_DE_SEGUNDO_NIVEL,RELACION_DE_SEGUNDO_NIVEL,,,1,Gana Mas,1,162122,2,-1,1,1,Quiniela Real,2
2022-10-16,44,43,63,12|28|44|60|81|92,3,64,RELACION_DE_TERCER_NIVEL,RELACION_DE_TERCER_NIVEL,,,1,Gana Mas,1,162119,28,-1,2,1,New York 10:30,2
2022-10-27,71,42,56,7|18|23|50|55|66|71,7,63,RELACION_DE_SEGUNDO_NIVEL,RELACION_DE_SEGUNDO_NIVEL,,,1,Loteria Nacional,2,108153,23,-4,3,3,Loteria Nacional,2
2022-10-30,84,47,94,4|36|68|79|84,5,86,RELACION_DE_TERCER_NIVEL,RELACION_DE_TERCER_NIVEL,,,1,Gana Mas,2,162106,68,-2,3,1,Quiniela Loteka,2
2022-11-03,29,41,22,13|29|93,2,12,RELACION_DE_SEGUNDO_NIVEL,RELACION_DE_SEGUNDO_NIVEL,,,1,Gana Mas,1,162102,13,-1,1,6,Quiniela Loteka,2
2022-11-10,89,48,71,73|89,2,77,RELACION_DE_SEGUNDO_NIVEL,RELACION_DE_SEGUNDO_NIVEL,,,1,Gana Mas,1,162095,,,,,,
2022-11-20,35,49,7,35|40|83,1,9,MISMO_GRUPO_T2,MISMO_GRUPO_T2|MISMO_CODIGO_T2|VECINO_DEL_CONFIRMADOR,,,1,Gana Mas,2,162085,40,1,2,2,Loteria Nacional,3
2022-11-20,44,43,7,12|28|44|60|81|92,3,33,RELACION_DE_TERCER_NIVEL,RELACION_DE_TERCER_NIVEL,,,1,Gana Mas,1,162085,12,-2,1,1,Quiniela Leidsa,1
2022-11-24,90,46,42,37|58|74|90,4,91,RELACION_DE_SEGUNDO_NIVEL,RELACION_DE_SEGUNDO_NIVEL,,,1,Gana Mas,1,162081,58,-2,2,4,Gana Mas,3
2022-11-30,22,44,9,22|59|70|75|91,1,37,RELACION_DE_SEGUNDO_NIVEL,RELACION_DE_SEGUNDO_NIVEL,,,1,Gana Mas,1,162075,75,3,4,3,Loteria Nacional,1
2022-12-02,90,46,29,37|58|74|90,4,30,RELACION_DE_SEGUNDO_NIVEL,RELACION_DE_SEGUNDO_NIVEL,,,1,Gana Mas,1,162073,74,-1,3,1,Quiniela Real,3
2022-12-07,3,31,83,3|24|88|99,1,35,COMPANERO_DEL_CONFIRMADOR,COMPANERO_DEL_CONFIRMADOR,,,1,New York 10:30,2,48860,99,3,4,2,Loteria Nacional,1
2022-12-09,42,37,35,5|10|42,3,85,RELACION_DE_TERCER_NIVEL,RELACION_DE_TERCER_NIVEL,,,1,Gana Mas,1,162067,5,-2,1,1,New York 2:30,1
2022-12-13,8,40,80,8|19|51|56|67|72,1,36,RELACION_DE_TERCER_NIVEL,RELACION_DE_TERCER_NIVEL,,,1,Gana Mas,1,162063,19,1,2,1,New York 2:30,3
2022-12-19,83,49,30,35|40|83,3,55,RELACION_DE_TERCER_NIVEL,RELACION_DE_TERCER_NIVEL,,,1,New York 10:30,2,48848,40,-1,2,3,New York 10:30,1
2022-12-28,23,42,77,7|18|23|50|55|66|71,3,71,MISMO_GRUPO_T1,MISMO_GRUPO_T1|MISMO_CODIGO_T1|POSICION_T1_LEJANA|CANDIDATO_ORIGINAL_ALTERNATIVO,7,4,1,Gana Mas,1,162050,71,4,7,1,Gana Mas,1
2022-12-29,79,47,67,4|36|68|79|84,4,92,RELACION_DE_SEGUNDO_NIVEL,RELACION_DE_SEGUNDO_NIVEL,,,1,Loteria Nacional,1,108092,36,-2,2,6,Gana Mas,1
2023-01-06,50,42,5,7|18|23|50|55|66|71,4,92,RELACION_DE_TERCER_NIVEL,RELACION_DE_TERCER_NIVEL,,,1,Gana Mas,3,162045,7,-3,1,1,Loteria Nacional,1
2023-01-14,44,43,9,12|28|44|60|81|92,3,46,COMPANERO_DEL_CONFIRMADOR,COMPANERO_DEL_CONFIRMADOR,,,1,Gana Mas,1,162037,81,2,5,2,New York 10:30,3
2023-01-14,53,28,9,21|26|53,3,46,COMPANERO_DEL_CONFIRMADOR,COMPANERO_DEL_CONFIRMADOR,,,1,Gana Mas,1,162037,,,,,,
2023-01-22,48,36,93,32|48|64|85,2,70,RELACION_DE_TERCER_NIVEL,RELACION_DE_TERCER_NIVEL,,,1,Gana Mas,2,162030,64,1,3,1,New York 10:30,1
2023-01-29,53,28,7,21|26|53,3,60,RELACION_DE_SEGUNDO_NIVEL,RELACION_DE_SEGUNDO_NIVEL,,,1,Gana Mas,1,162023,21,-2,1,1,Loteria Nacional,1
2023-02-02,45,50,32,45,1,14,CANDIDATO_ORIGINAL_ALTERNATIVO,CANDIDATO_ORIGINAL_ALTERNATIVO,,,1,Loteria Nacional,1,108061,,,,,,
2023-02-15,10,37,1,5|10|42,2,31,RELACION_DE_SEGUNDO_NIVEL,RELACION_DE_SEGUNDO_NIVEL,,,1,Gana Mas,2,162007,5,-1,1,7,Gana Mas,3
2023-02-24,75,44,62,22|59|70|75|91,4,31,RELACION_DE_TERCER_NIVEL,RELACION_DE_TERCER_NIVEL,,,1,Gana Mas,1,161998,70,-1,3,1,Loteria Nacional,2
2023-02-25,74,46,31,37|58|74|90,3,42,RELACION_DE_SEGUNDO_NIVEL,RELACION_DE_SEGUNDO_NIVEL,,,1,Gana Mas,2,161997,37,-2,1,6,New York 10:30,2
2023-02-26,44,43,42,12|28|44|60|81|92,3,5,COMPANERO_DEL_CONFIRMADOR,COMPANERO_DEL_CONFIRMADOR,,,1,New York 10:30,3,48779,28,-1,2,1,Quiniela Real,2
2023-02-26,71,42,12,7|18|23|50|55|66|71,7,88,RELACION_DE_TERCER_NIVEL,RELACION_DE_TERCER_NIVEL,,,1,New York 10:30,2,48779,66,-1,6,1,Quiniela Real,3
2023-03-02,72,40,59,8|19|51|56|67|72,6,53,RELACION_DE_SEGUNDO_NIVEL,RELACION_DE_SEGUNDO_NIVEL,,,1,Loteria Nacional,1,108034,19,-4,2,1,Loteria Nacional,2
2023-03-03,72,40,34,8|19|51|56|67|72,6,18,CANDIDATO_ORIGINAL_ALTERNATIVO,CANDIDATO_ORIGINAL_ALTERNATIVO,,,1,Gana Mas,1,161992,8,-5,1,1,New York 2:30,1
2023-03-09,35,49,7,35|40|83,1,84,RELACION_DE_TERCER_NIVEL,RELACION_DE_TERCER_NIVEL,,,1,Gana Mas,2,161986,83,2,3,3,Quiniela Loteka,3
2023-03-20,59,44,34,22|59|70|75|91,2,75,MISMO_GRUPO_T1,MISMO_GRUPO_T1|MISMO_CODIGO_T1|POSICION_T1_CERCANA|CANDIDATO_ORIGINAL_ALTERNATIVO,4,2,1,Gana Mas,1,161975,75,2,4,1,Gana Mas,1
2023-03-22,29,41,22,13|29|93,2,66,RELACION_DE_SEGUNDO_NIVEL,RELACION_DE_SEGUNDO_NIVEL,,,1,Gana Mas,1,161973,93,1,3,1,Loteria Nacional,2
2023-03-23,100,38,1,20|31|47|52|63|100,6,10,MISMO_GRUPO_T2,MISMO_GRUPO_T2|MISMO_CODIGO_T2|POSICION_T2_ADYACENTE|VECINO_DEL_CONFIRMADOR,,,1,Gana Mas,1,161972,47,-3,3,1,New York 10:30,3
2023-03-27,53,28,9,21|26|53,3,63,MISMO_GRUPO_T2,MISMO_GRUPO_T2|MISMO_CODIGO_T2|POSICION_T2_ADYACENTE|VECINO_DEL_CONFIRMADOR,,,1,Gana Mas,2,161968,26,-1,2,1,New York 10:30,3
2023-04-01,46,39,19,9|14|30|41|46|62|78|94,5,60,RELACION_DE_TERCER_NIVEL,RELACION_DE_TERCER_NIVEL,,,1,Gana Mas,1,161963,78,2,7,1,Quiniela Loteka,3
2023-04-08,29,41,9,13|29|93,2,14,COMPANERO_DEL_CONFIRMADOR,COMPANERO_DEL_CONFIRMADOR,,,1,Gana Mas,1,161959,13,-1,1,4,Quiniela Leidsa,2
2023-04-20,17,34,13,1|17|33|49|76,2,76,MISMO_GRUPO_T1,MISMO_GRUPO_T1|MISMO_CODIGO_T1|POSICION_T1_CERCANA|CANDIDATO_ORIGINAL_ALTERNATIVO,5,3,1,Gana Mas,1,161948,76,3,5,1,Gana Mas,1
2023-04-20,83,49,30,35|40|83,3,76,CANDIDATO_ORIGINAL_ALTERNATIVO,CANDIDATO_ORIGINAL_ALTERNATIVO,,,1,Gana Mas,1,161948,40,-1,2,3,New York 10:30,3
2023-04-21,10,37,1,5|10|42,2,68,RELACION_DE_TERCER_NIVEL,RELACION_DE_TERCER_NIVEL,,,1,Gana Mas,2,161947,5,-1,1,1,Loteria Nacional,1
2023-04-27,44,43,7,12|28|44|60|81|92,3,90,MISMO_GRUPO_T2,MISMO_GRUPO_T2|MISMO_CODIGO_T2|VECINO_DEL_CONFIRMADOR,,,1,Gana Mas,1,161941,81,2,5,1,Quiniela Real,3
2023-05-03,46,39,19,9|14|30|41|46|62|78|94,5,73,RELACION_DE_TERCER_NIVEL,RELACION_DE_TERCER_NIVEL,,,1,Gana Mas,1,161935,30,-2,3,1,New York 2:30,1
2023-05-05,67,40,88,8|19|51|56|67|72,5,43,RELACION_DE_TERCER_NIVEL,RELACION_DE_TERCER_NIVEL,,,1,Gana Mas,1,161933,51,-2,3,3,New York 2:30,1
2023-05-07,7,42,63,7|18|23|50|55|66|71,1,3,RELACION_DE_TERCER_NIVEL,RELACION_DE_TERCER_NIVEL,,,1,Gana Mas,1,161931,71,6,7,2,Gana Mas,3
2023-05-07,94,39,84,9|14|30|41|46|62|78|94,8,3,RELACION_DE_SEGUNDO_NIVEL,RELACION_DE_SEGUNDO_NIVEL,,,1,Gana Mas,1,161931,41,-4,4,1,Gana Mas,3
2023-05-21,70,44,7,22|59|70|75|91,3,68,RELACION_DE_TERCER_NIVEL,RELACION_DE_TERCER_NIVEL,,,1,Gana Mas,1,161917,75,1,4,2,Quiniela Leidsa,1
2023-05-24,2,33,20,2|39|82|87,1,97,RELACION_DE_TERCER_NIVEL,RELACION_DE_TERCER_NIVEL,,,1,Gana Mas,1,161914,39,1,2,1,Loteria Nacional,3
2023-05-30,3,31,30,3|24|88|99,1,51,RELACION_DE_TERCER_NIVEL,RELACION_DE_TERCER_NIVEL,,,1,Gana Mas,2,161908,99,3,4,1,Loteria Nacional,3
2023-06-03,30,39,83,9|14|30|41|46|62|78|94,3,26,RELACION_DE_TERCER_NIVEL,RELACION_DE_TERCER_NIVEL,,,1,Gana Mas,2,161904,9,-2,1,1,New York 10:30,2
2023-06-06,56,40,12,8|19|51|56|67|72,4,58,RELACION_DE_TERCER_NIVEL,RELACION_DE_TERCER_NIVEL,,,1,Gana Mas,2,161902,8,-3,1,1,Quiniela Loteka,1
2023-06-13,100,38,1,20|31|47|52|63|100,6,42,RELACION_DE_SEGUNDO_NIVEL,RELACION_DE_SEGUNDO_NIVEL,,,1,Gana Mas,1,161895,52,-2,4,3,Quiniela Real,3
2023-06-21,42,37,9,5|10|42,3,12,RELACION_DE_SEGUNDO_NIVEL,RELACION_DE_SEGUNDO_NIVEL,,,1,Gana Mas,1,161887,10,-1,2,1,Gana Mas,3
2023-06-27,19,40,86,8|19|51|56|67|72,2,54,COMPANERO_DEL_CONFIRMADOR,COMPANERO_DEL_CONFIRMADOR,,,1,Gana Mas,1,161881,67,3,5,1,Loteria Nacional,1
2023-06-29,9,39,7,9|14|30|41|46|62|78|94,1,72,RELACION_DE_TERCER_NIVEL,RELACION_DE_TERCER_NIVEL,,,1,Gana Mas,1,161879,94,7,8,1,Gana Mas,3
2023-07-08,53,28,44,21|26|53,3,4,RELACION_DE_TERCER_NIVEL,RELACION_DE_TERCER_NIVEL,,,1,Gana Mas,1,161870,26,-1,2,3,New York 2:30,3
2023-07-08,77,32,28,77,1,42,RELACION_DE_TERCER_NIVEL,RELACION_DE_TERCER_NIVEL,,,1,Loteria Nacional,1,107909,,,,,,
2023-07-14,58,46,84,37|58|74|90,2,74,MISMO_GRUPO_T1,MISMO_GRUPO_T1|MISMO_CODIGO_T1|POSICION_T1_ADYACENTE|CANDIDATO_ORIGINAL_ALTERNATIVO,3,1,1,Gana Mas,1,161864,74,1,3,1,Gana Mas,1
2023-07-18,29,41,63,13|29|93,2,64,RELACION_DE_TERCER_NIVEL,RELACION_DE_TERCER_NIVEL,,,1,Gana Mas,1,161860,93,1,3,2,New York 2:30,1
2023-07-19,9,39,35,9|14|30|41|46|62|78|94,1,66,RELACION_DE_SEGUNDO_NIVEL,RELACION_DE_SEGUNDO_NIVEL,,,1,Gana Mas,1,161859,78,6,7,1,Quiniela Leidsa,3
2023-07-20,65,52,37,65|97,1,70,RELACION_DE_TERCER_NIVEL,RELACION_DE_TERCER_NIVEL,,,1,Gana Mas,1,161858,,,,,,
2023-07-20,97,52,93,65|97,2,70,RELACION_DE_TERCER_NIVEL,RELACION_DE_TERCER_NIVEL,,,1,Gana Mas,1,161858,,,,,,
2023-07-24,29,41,42,13|29|93,2,32,RELACION_DE_TERCER_NIVEL,RELACION_DE_TERCER_NIVEL,,,1,Gana Mas,1,161854,93,1,3,2,Gana Mas,1
2023-07-24,63,38,42,20|31|47|52|63|100,5,32,RELACION_DE_TERCER_NIVEL,RELACION_DE_TERCER_NIVEL,,,1,Gana Mas,1,161854,52,-1,4,1,Gana Mas,2
2023-07-25,77,32,28,77,1,6,RELACION_DE_TERCER_NIVEL,RELACION_DE_TERCER_NIVEL,,,1,Gana Mas,3,161853,,,,,,
2023-07-28,19,40,86,8|19|51|56|67|72,2,44,RELACION_DE_TERCER_NIVEL,RELACION_DE_TERCER_NIVEL,,,1,Gana Mas,2,161850,8,-1,1,3,Quiniela Loteka,3
2023-08-18,70,44,9,22|59|70|75|91,3,18,RELACION_DE_SEGUNDO_NIVEL,RELACION_DE_SEGUNDO_NIVEL,,,1,Gana Mas,1,161829,91,2,5,3,New York 2:30,3
2023-08-20,41,39,89,9|14|30|41|46|62|78|94,4,46,MISMO_GRUPO_T1,MISMO_GRUPO_T1|MISMO_CODIGO_T1|POSICION_T1_ADYACENTE|CANDIDATO_ORIGINAL_ALTERNATIVO,5,1,1,Gana Mas,1,161827,46,1,5,1,Gana Mas,1
2023-08-21,90,46,22,37|58|74|90,4,23,RELACION_DE_SEGUNDO_NIVEL,RELACION_DE_SEGUNDO_NIVEL,,,1,New York 10:30,1,143786,37,-3,1,3,Quiniela Real,2
2023-08-30,65,52,82,65|97,1,84,RELACION_DE_TERCER_NIVEL,RELACION_DE_TERCER_NIVEL,,,1,Loteria Nacional,1,143873,,,,,,
2023-09-01,85,36,52,32|48|64|85,4,6,RELACION_DE_TERCER_NIVEL,RELACION_DE_TERCER_NIVEL,,,1,Gana Mas,2,161817,48,-2,2,3,Gana Mas,1
2023-09-04,35,49,42,35|40|83,1,37,RELACION_DE_SEGUNDO_NIVEL,RELACION_DE_SEGUNDO_NIVEL,,,1,Gana Mas,1,161814,83,2,3,3,New York 10:30,3
2023-09-07,29,41,9,13|29|93,2,4,CANDIDATO_ORIGINAL_ALTERNATIVO,CANDIDATO_ORIGINAL_ALTERNATIVO,,,1,Gana Mas,1,161811,93,1,3,2,Quiniela Loteka,1
2023-09-12,1,34,10,1|17|33|49|76,1,28,RELACION_DE_TERCER_NIVEL,RELACION_DE_TERCER_NIVEL,,,1,Gana Mas,2,161806,33,2,3,1,Loteria Nacional,1
2023-09-12,7,42,53,7|18|23|50|55|66|71,1,28,RELACION_DE_SEGUNDO_NIVEL,RELACION_DE_SEGUNDO_NIVEL,,,1,Gana Mas,2,161806,18,1,2,2,Quiniela Loteka,3
2023-09-14,85,36,81,32|48|64|85,4,71,RELACION_DE_TERCER_NIVEL,RELACION_DE_TERCER_NIVEL,,,1,Gana Mas,1,161804,64,-1,3,1,Quiniela Real,3
2023-09-15,83,49,30,35|40|83,3,47,RELACION_DE_TERCER_NIVEL,RELACION_DE_TERCER_NIVEL,,,1,Gana Mas,1,161803,35,-2,1,3,Quiniela Loteka,3
2023-09-16,68,47,92,4|36|68|79|84,3,24,RELACION_DE_TERCER_NIVEL,RELACION_DE_TERCER_NIVEL,,,1,Gana Mas,1,161802,79,1,4,2,New York 2:30,1
2023-09-17,83,49,3,35|40|83,3,99,COMPANERO_DEL_CONFIRMADOR,COMPANERO_DEL_CONFIRMADOR,,,1,Loteria Nacional,2,150809,35,-2,1,1,Quiniela Loteka,3
2023-09-18,29,41,9,13|29|93,2,54,RELACION_DE_TERCER_NIVEL,RELACION_DE_TERCER_NIVEL,,,1,Gana Mas,1,161800,93,1,3,2,New York 2:30,2
2023-09-20,77,32,23,77,1,28,MISMO_GRUPO_T2,MISMO_GRUPO_T2|MISMO_CODIGO_T2|VECINO_DEL_CONFIRMADOR,,,1,Gana Mas,2,161798,,,,,,
2023-09-22,35,49,63,35|40|83,1,53,MISMO_GRUPO_T2,MISMO_GRUPO_T2|MISMO_CODIGO_T2|VECINO_DEL_CONFIRMADOR,,,1,Gana Mas,1,161796,40,1,2,3,Quiniela Leidsa,3
2023-10-03,3,31,30,3|24|88|99,1,56,RELACION_DE_TERCER_NIVEL,RELACION_DE_TERCER_NIVEL,,,1,Gana Mas,3,161786,24,1,2,1,New York 10:30,1
2023-10-08,90,46,44,37|58|74|90,4,54,RELACION_DE_TERCER_NIVEL,RELACION_DE_TERCER_NIVEL,,,1,Gana Mas,1,165777,58,-2,2,1,New York 10:30,2
2023-10-10,22,44,7,22|59|70|75|91,1,55,COMPANERO_DEL_CONFIRMADOR,COMPANERO_DEL_CONFIRMADOR,,,1,Gana Mas,2,165828,59,1,2,3,Quiniela Real,1
2023-10-10,70,44,7,22|59|70|75|91,3,55,COMPANERO_DEL_CONFIRMADOR,COMPANERO_DEL_CONFIRMADOR,,,1,Gana Mas,2,165828,59,-1,2,3,Quiniela Real,1
2023-10-13,69,45,57,69|80,1,7,RELACION_DE_TERCER_NIVEL,RELACION_DE_TERCER_NIVEL,,,1,Loteria Nacional,2,167915,80,1,2,3,Quiniela Loteka,2
2023-10-14,22,44,29,22|59|70|75|91,1,14,RELACION_DE_SEGUNDO_NIVEL,RELACION_DE_SEGUNDO_NIVEL,,,1,Gana Mas,1,167932,75,3,4,1,Quiniela Real,1
2023-10-14,70,44,29,22|59|70|75|91,3,14,RELACION_DE_SEGUNDO_NIVEL,RELACION_DE_SEGUNDO_NIVEL,,,1,Gana Mas,1,167932,75,1,4,1,Quiniela Real,1
2023-10-17,63,38,35,20|31|47|52|63|100,5,46,RELACION_DE_SEGUNDO_NIVEL,RELACION_DE_SEGUNDO_NIVEL,,,1,Gana Mas,1,168015,47,-2,3,1,New York 2:30,2
2023-10-19,39,33,78,2|39|82|87,2,12,RELACION_DE_TERCER_NIVEL,RELACION_DE_TERCER_NIVEL,,,1,Gana Mas,1,168071,87,2,4,3,Quiniela Leidsa,2
2023-10-24,59,44,26,22|59|70|75|91,2,40,RELACION_DE_TERCER_NIVEL,RELACION_DE_TERCER_NIVEL,,,1,Gana Mas,1,168202,75,2,4,2,Loteria Nacional,1
2023-11-08,27,26,76,27|38,1,42,RELACION_DE_TERCER_NIVEL,RELACION_DE_TERCER_NIVEL,,,1,Gana Mas,1,168597,,,,,,
2023-11-16,9,39,29,9|14|30|41|46|62|78|94,1,89,RELACION_DE_SEGUNDO_NIVEL,RELACION_DE_SEGUNDO_NIVEL,,,1,Gana Mas,1,168802,14,1,2,1,Quiniela Real,2
2023-11-25,94,39,58,9|14|30|41|46|62|78|94,8,99,RELACION_DE_TERCER_NIVEL,RELACION_DE_TERCER_NIVEL,,,1,Gana Mas,1,169007,46,-3,5,1,Loteria Nacional,2
2023-12-19,90,46,29,37|58|74|90,4,69,RELACION_DE_TERCER_NIVEL,RELACION_DE_TERCER_NIVEL,,,1,Gana Mas,1,169623,37,-3,1,1,New York 10:30,3
2023-12-20,22,44,70,22|59|70|75|91,1,11,RELACION_DE_SEGUNDO_NIVEL,RELACION_DE_SEGUNDO_NIVEL,,,1,Gana Mas,2,169646,70,2,3,1,New York 10:30,1
2023-12-25,29,41,53,13|29|93,2,40,RELACION_DE_SEGUNDO_NIVEL,RELACION_DE_SEGUNDO_NIVEL,,,1,Gana Mas,1,169754,,,,,,
2023-12-28,63,38,35,20|31|47|52|63|100,5,1,RELACION_DE_SEGUNDO_NIVEL,RELACION_DE_SEGUNDO_NIVEL,,,1,Gana Mas,3,169836,31,-3,2,1,Quiniela Leidsa,2
2023-12-29,29,41,70,13|29|93,2,35,MISMO_GRUPO_T2,MISMO_GRUPO_T2|MISMO_CODIGO_T2|POSICION_T2_ADYACENTE|VECINO_DEL_CONFIRMADOR,,,1,Gana Mas,2,169862,93,1,3,4,Loteria Nacional,1
2024-01-13,68,47,76,4|36|68|79|84,3,44,RELACION_DE_SEGUNDO_NIVEL,RELACION_DE_SEGUNDO_NIVEL,,,1,Loteria Nacional,1,172305,84,2,5,1,Quiniela Real,3
2024-01-17,44,43,90,12|28|44|60|81|92,3,2,RELACION_DE_TERCER_NIVEL,RELACION_DE_TERCER_NIVEL,,,1,Gana Mas,1,173706,12,-2,1,1,New York 10:30,2
2024-01-25,67,40,88,8|19|51|56|67|72,5,73,RELACION_DE_TERCER_NIVEL,RELACION_DE_TERCER_NIVEL,,,1,Gana Mas,1,173927,72,1,6,1,New York 2:30,1
2024-01-26,87,33,73,2|39|82|87,4,81,RELACION_DE_SEGUNDO_NIVEL,RELACION_DE_SEGUNDO_NIVEL,,,1,Gana Mas,3,173955,2,-3,1,2,Quiniela Real,1
2024-01-27,23,42,28,7|18|23|50|55|66|71,3,91,RELACION_DE_TERCER_NIVEL,RELACION_DE_TERCER_NIVEL,,,1,Gana Mas,1,173983,7,-2,1,1,Quiniela Leidsa,3
2024-01-28,84,47,94,4|36|68|79|84,5,88,RELACION_DE_SEGUNDO_NIVEL,RELACION_DE_SEGUNDO_NIVEL,,,1,Gana Mas,1,174010,4,-4,1,1,New York 10:30,2
2024-02-05,77,32,28,77,1,37,RELACION_DE_TERCER_NIVEL,RELACION_DE_TERCER_NIVEL,,,1,Gana Mas,1,174244,,,,,,
2024-02-06,63,38,70,20|31|47|52|63|100,5,47,MISMO_GRUPO_T1,MISMO_GRUPO_T1|MISMO_CODIGO_T1|POSICION_T1_CERCANA|CANDIDATO_ORIGINAL_ALTERNATIVO,3,-2,1,Gana Mas,1,174274,47,-2,3,1,Gana Mas,1
2024-02-10,35,49,29,35|40|83,1,10,RELACION_DE_SEGUNDO_NIVEL,RELACION_DE_SEGUNDO_NIVEL,,,1,Gana Mas,1,174387,83,2,3,1,New York 2:30,1
2024-02-11,100,38,10,20|31|47|52|63|100,6,68,RELACION_DE_TERCER_NIVEL,RELACION_DE_TERCER_NIVEL,,,1,Gana Mas,1,174413,47,-3,3,1,New York 10:30,1
2024-02-19,2,33,20,2|39|82|87,1,28,RELACION_DE_SEGUNDO_NIVEL,RELACION_DE_SEGUNDO_NIVEL,,,1,Gana Mas,1,174622,39,1,2,1,Quiniela Leidsa,1
2024-02-19,53,28,42,21|26|53,3,28,RELACION_DE_SEGUNDO_NIVEL,RELACION_DE_SEGUNDO_NIVEL,,,1,Gana Mas,1,174622,26,-1,2,3,Loteria Nacional,1
2024-02-20,53,28,22,21|26|53,3,91,COMPANERO_DEL_CONFIRMADOR,COMPANERO_DEL_CONFIRMADOR,,,1,Gana Mas,2,174647,26,-1,2,2,Loteria Nacional,1
2024-03-02,9,39,42,9|14|30|41|46|62|78|94,1,22,MISMO_GRUPO_T2,MISMO_GRUPO_T2|MISMO_CODIGO_T2|POSICION_T2_ADYACENTE|VECINO_DEL_CONFIRMADOR,,,1,Gana Mas,1,174957,62,5,6,2,Loteria Nacional,2
2024-04-15,29,41,63,13|29|93,2,44,MISMO_GRUPO_T2,MISMO_GRUPO_T2|MISMO_CODIGO_T2|VECINO_DEL_CONFIRMADOR,,,1,Gana Mas,1,176179,93,1,3,3,Loteria Nacional,1
2024-04-17,9,39,22,9|14|30|41|46|62|78|94,1,89,RELACION_DE_SEGUNDO_NIVEL,RELACION_DE_SEGUNDO_NIVEL,,,1,Gana Mas,1,176234,46,4,5,1,Loteria Nacional,3
2024-04-27,44,43,9,12|28|44|60|81|92,3,5,RELACION_DE_SEGUNDO_NIVEL,RELACION_DE_SEGUNDO_NIVEL,,,1,Gana Mas,1,176526,12,-2,1,1,New York 10:30,3
2024-05-01,56,40,89,8|19|51|56|67|72,4,69,RELACION_DE_TERCER_NIVEL,RELACION_DE_TERCER_NIVEL,,,1,Gana Mas,1,176652,19,-2,2,3,New York 10:30,2
2024-05-01,72,40,34,8|19|51|56|67|72,6,69,RELACION_DE_TERCER_NIVEL,RELACION_DE_TERCER_NIVEL,,,1,Gana Mas,1,176652,19,-4,2,3,New York 10:30,2
2024-05-11,6,35,60,6|11|43|54|86,1,14,RELACION_DE_SEGUNDO_NIVEL,RELACION_DE_SEGUNDO_NIVEL,,,1,Gana Mas,1,176936,86,4,5,3,Quiniela Leidsa,3
2024-05-12,54,35,14,6|11|43|54|86,4,94,COMPANERO_DEL_CONFIRMADOR,COMPANERO_DEL_CONFIRMADOR,,,1,Gana Mas,1,176963,86,1,5,2,Quiniela Leidsa,3
2024-05-22,22,44,9,22|59|70|75|91,1,42,MISMO_GRUPO_T2,MISMO_GRUPO_T2|MISMO_CODIGO_T2|VECINO_DEL_CONFIRMADOR,,,1,Gana Mas,1,177238,70,2,3,5,New York 10:30,2
2024-05-23,71,42,12,7|18|23|50|55|66|71,7,27,RELACION_DE_TERCER_NIVEL,RELACION_DE_TERCER_NIVEL,,,1,Gana Mas,1,177266,23,-4,3,1,New York 2:30,3
2024-05-26,71,42,89,7|18|23|50|55|66|71,7,79,RELACION_DE_TERCER_NIVEL,RELACION_DE_TERCER_NIVEL,,,1,Gana Mas,2,177354,50,-3,4,1,Loteria Nacional,2
2024-06-05,27,26,76,27|38,1,38,MISMO_GRUPO_T1,MISMO_GRUPO_T1|MISMO_CODIGO_T1|POSICION_T1_ADYACENTE|CANDIDATO_ORIGINAL_ALTERNATIVO,2,1,1,Gana Mas,2,177641,38,1,2,1,Gana Mas,2
2024-06-14,77,32,28,77,1,78,RELACION_DE_TERCER_NIVEL,RELACION_DE_TERCER_NIVEL,,,1,Gana Mas,1,177899,,,,,,
2024-06-17,70,44,22,22|59|70|75|91,3,59,MISMO_GRUPO_T1,MISMO_GRUPO_T1|MISMO_CODIGO_T1|POSICION_T1_ADYACENTE|COMPANERO_DEL_CONFIRMADOR|CANDIDATO_ORIGINAL_ALTERNATIVO,2,-1,1,Gana Mas,1,177989,59,-1,2,1,Gana Mas,1
2024-06-19,42,37,22,5|10|42,3,53,MISMO_GRUPO_T2,MISMO_GRUPO_T2|MISMO_CODIGO_T2|VECINO_DEL_CONFIRMADOR,,,1,Gana Mas,1,178046,10,-1,2,3,Quiniela Leidsa,2
2024-06-26,53,28,22,21|26|53,3,19,RELACION_DE_TERCER_NIVEL,RELACION_DE_TERCER_NIVEL,,,1,Gana Mas,1,178246,26,-1,2,3,Quiniela Loteka,2
2024-06-28,1,34,10,1|17|33|49|76,1,63,RELACION_DE_SEGUNDO_NIVEL,RELACION_DE_SEGUNDO_NIVEL,,,1,Gana Mas,3,178305,17,1,2,5,Quiniela Loteka,3
2024-07-01,9,39,7,9|14|30|41|46|62|78|94,1,42,MISMO_GRUPO_T2,MISMO_GRUPO_T2|MISMO_CODIGO_T2|VECINO_DEL_CONFIRMADOR,,,1,New York 10:30,1,178397,41,3,4,5,Loteria Nacional,3
2024-07-01,94,39,58,9|14|30|41|46|62|78|94,8,42,RELACION_DE_SEGUNDO_NIVEL,RELACION_DE_SEGUNDO_NIVEL,,,1,New York 10:30,1,178397,41,-4,4,5,Loteria Nacional,3
2024-07-03,9,39,22,9|14|30|41|46|62|78|94,1,34,RELACION_DE_TERCER_NIVEL,RELACION_DE_TERCER_NIVEL,,,1,Gana Mas,1,178434,41,3,4,3,Loteria Nacional,3
2024-07-09,88,31,79,3|24|88|99,3,86,RELACION_DE_TERCER_NIVEL,RELACION_DE_TERCER_NIVEL,,,1,Gana Mas,2,178592,24,-1,2,1,New York 2:30,3
2024-07-24,27,26,76,27|38,1,13,RELACION_DE_TERCER_NIVEL,RELACION_DE_TERCER_NIVEL,,,1,Gana Mas,1,179026,38,1,2,2,Quiniela Real,2
2024-07-24,72,40,26,8|19|51|56|67|72,6,6,RELACION_DE_TERCER_NIVEL,RELACION_DE_TERCER_NIVEL,,,1,Gana Mas,3,179026,19,-4,2,2,New York 2:30,2
2024-08-03,71,42,89,7|18|23|50|55|66|71,7,51,RELACION_DE_SEGUNDO_NIVEL,RELACION_DE_SEGUNDO_NIVEL,,,1,Gana Mas,3,179316,23,-4,3,1,Loteria Nacional,1
2024-08-05,22,44,35,22|59|70|75|91,1,13,RELACION_DE_SEGUNDO_NIVEL,RELACION_DE_SEGUNDO_NIVEL,,,1,Gana Mas,1,179372,75,3,4,1,Quiniela Leidsa,3
2024-08-05,69,45,57,69|80,1,57,MISMO_GRUPO_T2,MISMO_GRUPO_T2|MISMO_CODIGO_T2|POSICION_T2_ADYACENTE|CONFIRMADOR_ORIGINAL,,,1,Gana Mas,3,179372,,,,,,
2024-08-05,80,45,8,69|80,2,57,RELACION_DE_SEGUNDO_NIVEL,RELACION_DE_SEGUNDO_NIVEL,,,1,Gana Mas,3,179372,,,,,,
2024-08-07,22,44,7,22|59|70|75|91,1,23,COMPANERO_DEL_CONFIRMADOR,COMPANERO_DEL_CONFIRMADOR,,,1,Gana Mas,1,179432,91,4,5,5,New York 2:30,3
2024-08-09,15,29,96,15,1,2,CANDIDATO_ORIGINAL_ALTERNATIVO,CANDIDATO_ORIGINAL_ALTERNATIVO,,,1,New York 2:30,3,179516,,,,,,
2024-08-13,48,36,97,32|48|64|85,2,64,MISMO_GRUPO_T1,MISMO_GRUPO_T1|MISMO_CODIGO_T1|POSICION_T1_ADYACENTE|CANDIDATO_ORIGINAL_ALTERNATIVO,3,1,1,Gana Mas,1,179599,64,1,3,1,Gana Mas,1
2024-08-17,29,41,22,13|29|93,2,97,RELACION_DE_SEGUNDO_NIVEL,RELACION_DE_SEGUNDO_NIVEL,,,1,Gana Mas,1,179711,13,-1,1,1,Quiniela Loteka,3
2024-08-22,63,38,22,20|31|47|52|63|100,5,39,RELACION_DE_TERCER_NIVEL,RELACION_DE_TERCER_NIVEL,,,1,Gana Mas,2,179849,31,-3,2,2,New York 10:30,2
2024-08-22,100,38,1,20|31|47|52|63|100,6,39,RELACION_DE_TERCER_NIVEL,RELACION_DE_TERCER_NIVEL,,,1,Gana Mas,2,179849,31,-4,2,2,New York 10:30,2
2024-08-23,54,35,14,6|11|43|54|86,4,56,RELACION_DE_TERCER_NIVEL,RELACION_DE_TERCER_NIVEL,,,1,Gana Mas,1,179874,43,-1,3,3,Quiniela Loteka,2
2024-09-11,70,44,53,22|59|70|75|91,3,14,RELACION_DE_SEGUNDO_NIVEL,RELACION_DE_SEGUNDO_NIVEL,,,1,Gana Mas,1,180425,75,1,4,1,Loteria Nacional,2
2024-09-13,56,40,41,8|19|51|56|67|72,4,26,RELACION_DE_SEGUNDO_NIVEL,RELACION_DE_SEGUNDO_NIVEL,,,1,Gana Mas,1,180487,19,-2,2,1,New York 2:30,2
2024-09-20,7,42,44,7|18|23|50|55|66|71,1,23,MISMO_GRUPO_T1,MISMO_GRUPO_T1|MISMO_CODIGO_T1|POSICION_T1_CERCANA|CANDIDATO_ORIGINAL_ALTERNATIVO,3,2,1,Gana Mas,1,180681,23,2,3,1,Gana Mas,1
2024-09-20,9,39,42,9|14|30|41|46|62|78|94,1,23,CANDIDATO_ORIGINAL_ALTERNATIVO,CANDIDATO_ORIGINAL_ALTERNATIVO,,,1,Gana Mas,1,180681,14,1,2,1,Loteria Nacional,3
2024-09-20,63,38,42,20|31|47|52|63|100,5,23,CANDIDATO_ORIGINAL_ALTERNATIVO,CANDIDATO_ORIGINAL_ALTERNATIVO,,,1,Gana Mas,1,180681,47,-2,3,1,Gana Mas,2
2024-09-20,70,44,42,22|59|70|75|91,3,23,CANDIDATO_ORIGINAL_ALTERNATIVO,CANDIDATO_ORIGINAL_ALTERNATIVO,,,1,Gana Mas,1,180681,59,-1,2,1,Loteria Nacional,1
2024-09-22,60,43,6,12|28|44|60|81|92,4,81,MISMO_GRUPO_T1,MISMO_GRUPO_T1|MISMO_CODIGO_T1|POSICION_T1_ADYACENTE|CANDIDATO_ORIGINAL_ALTERNATIVO,5,1,1,Gana Mas,2,180725,81,1,5,1,Gana Mas,2
2024-09-22,91,44,69,22|59|70|75|91,5,81,CANDIDATO_ORIGINAL_ALTERNATIVO,CANDIDATO_ORIGINAL_ALTERNATIVO,,,1,Gana Mas,2,180725,22,-4,1,1,Loteria Nacional,3
2024-10-03,34,51,72,34|98,1,26,MISMO_GRUPO_T2,MISMO_GRUPO_T2|MISMO_CODIGO_T2|POSICION_T2_ADYACENTE|VECINO_DEL_CONFIRMADOR,,,1,Gana Mas,2,181044,98,1,2,3,Loteria Nacional,1
2024-10-14,45,50,32,45,1,52,RELACION_DE_TERCER_NIVEL,RELACION_DE_TERCER_NIVEL,,,1,Loteria Nacional,1,181364,,,,,,
2024-10-16,44,43,29,12|28|44|60|81|92,3,67,RELACION_DE_TERCER_NIVEL,RELACION_DE_TERCER_NIVEL,,,1,Gana Mas,1,181412,60,1,4,4,New York 10:30,2
2024-10-16,89,48,71,73|89,2,67,RELACION_DE_SEGUNDO_NIVEL,RELACION_DE_SEGUNDO_NIVEL,,,1,Gana Mas,1,181412,73,-1,1,3,Quiniela Loteka,3
2024-10-17,100,38,1,20|31|47|52|63|100,6,13,RELACION_DE_TERCER_NIVEL,RELACION_DE_TERCER_NIVEL,,,1,Gana Mas,1,181440,20,-5,1,2,Quiniela Leidsa,2
2024-10-19,56,40,71,8|19|51|56|67|72,4,71,MISMO_GRUPO_T2,MISMO_GRUPO_T2|MISMO_CODIGO_T2|POSICION_T2_ADYACENTE|CONFIRMADOR_ORIGINAL,,,1,Gana Mas,2,181497,51,-1,3,1,New York 2:30,1
2024-10-23,42,37,22,5|10|42,3,84,RELACION_DE_TERCER_NIVEL,RELACION_DE_TERCER_NIVEL,,,1,Gana Mas,1,181614,5,-2,1,6,New York 10:30,1
2024-10-30,22,44,63,22|59|70|75|91,1,25,RELACION_DE_TERCER_NIVEL,RELACION_DE_TERCER_NIVEL,,,1,Gana Mas,2,181816,59,1,2,1,Quiniela Real,1
2024-10-31,52,38,81,20|31|47|52|63|100,4,31,MISMO_GRUPO_T1,MISMO_GRUPO_T1|MISMO_CODIGO_T1|POSICION_T1_CERCANA|CANDIDATO_ORIGINAL_ALTERNATIVO,2,-2,1,Gana Mas,1,181844,31,-2,2,1,Gana Mas,1
2024-11-06,26,28,34,21|26|53,2,42,RELACION_DE_SEGUNDO_NIVEL,RELACION_DE_SEGUNDO_NIVEL,,,1,Gana Mas,2,182014,53,1,3,2,Loteria Nacional,1
2024-11-12,34,51,59,34|98,1,75,COMPANERO_DEL_CONFIRMADOR,COMPANERO_DEL_CONFIRMADOR,,,1,Gana Mas,3,182189,,,,,,
2024-11-13,45,50,32,45,1,48,COMPANERO_DEL_CONFIRMADOR,COMPANERO_DEL_CONFIRMADOR,,,1,Quiniela Leidsa,1,182226,,,,,,
2024-11-18,94,39,84,9|14|30|41|46|62|78|94,8,10,RELACION_DE_TERCER_NIVEL,RELACION_DE_TERCER_NIVEL,,,1,Gana Mas,1,182360,14,-6,2,1,Loteria Nacional,1
2024-11-21,23,42,28,7|18|23|50|55|66|71,3,92,COMPANERO_DEL_CONFIRMADOR,COMPANERO_DEL_CONFIRMADOR,,,1,Gana Mas,1,182446,50,1,4,1,Quiniela Leidsa,2
2024-11-21,26,28,72,21|26|53,2,92,RELACION_DE_TERCER_NIVEL,RELACION_DE_TERCER_NIVEL,,,1,Gana Mas,1,182446,53,1,3,1,Quiniela Loteka,3
2024-11-30,9,39,7,9|14|30|41|46|62|78|94,1,87,RELACION_DE_TERCER_NIVEL,RELACION_DE_TERCER_NIVEL,,,1,Gana Mas,1,182708,30,2,3,2,Gana Mas,2
2024-11-30,29,41,7,13|29|93,2,87,RELACION_DE_TERCER_NIVEL,RELACION_DE_TERCER_NIVEL,,,1,Gana Mas,1,182708,,,,,,
2024-11-30,35,49,7,35|40|83,1,87,RELACION_DE_TERCER_NIVEL,RELACION_DE_TERCER_NIVEL,,,1,Gana Mas,1,182708,40,1,2,2,New York 2:30,3
2024-12-01,28,43,87,12|28|44|60|81|92,2,8,RELACION_DE_TERCER_NIVEL,RELACION_DE_TERCER_NIVEL,,,1,Gana Mas,1,182735,92,4,6,3,Quiniela Real,3
2024-12-23,56,40,41,8|19|51|56|67|72,4,41,MISMO_GRUPO_T2,MISMO_GRUPO_T2|MISMO_CODIGO_T2|POSICION_T2_ADYACENTE|CONFIRMADOR_ORIGINAL,,,1,New York 10:30,2,183725,8,-3,1,1,Quiniela Loteka,1
2024-12-25,91,44,11,22|59|70|75|91,5,51,RELACION_DE_TERCER_NIVEL,RELACION_DE_TERCER_NIVEL,,,1,Gana Mas,1,183756,59,-3,2,3,Gana Mas,2
2024-12-29,30,39,83,9|14|30|41|46|62|78|94,3,92,RELACION_DE_TERCER_NIVEL,RELACION_DE_TERCER_NIVEL,,,1,Gana Mas,1,183866,9,-2,1,1,Gana Mas,2
2025-01-04,70,44,22,22|59|70|75|91,3,89,RELACION_DE_TERCER_NIVEL,RELACION_DE_TERCER_NIVEL,,,1,Gana Mas,1,184024,22,-2,1,1,Loteria Nacional,3
2025-01-15,42,37,29,5|10|42,3,51,RELACION_DE_TERCER_NIVEL,RELACION_DE_TERCER_NIVEL,,,1,Gana Mas,1,184342,5,-2,1,2,Quiniela Leidsa,1
2025-01-21,73,48,87,73|89,1,39,COMPANERO_DEL_CONFIRMADOR,COMPANERO_DEL_CONFIRMADOR,,,1,Gana Mas,1,184511,89,1,2,2,Loteria Nacional,2
2025-01-31,6,35,60,6|11|43|54|86,1,60,MISMO_GRUPO_T2,MISMO_GRUPO_T2|MISMO_CODIGO_T2|POSICION_T2_ADYACENTE|CONFIRMADOR_ORIGINAL,,,1,Gana Mas,1,184800,54,3,4,1,Loteria Nacional,3
2025-02-03,11,35,57,6|11|43|54|86,2,81,RELACION_DE_TERCER_NIVEL,RELACION_DE_TERCER_NIVEL,,,1,Gana Mas,1,184884,54,2,4,2,Quiniela Real,1
2025-02-10,32,36,45,32|48|64|85,1,69,CANDIDATO_ORIGINAL_ALTERNATIVO,CANDIDATO_ORIGINAL_ALTERNATIVO,,,1,Loteria Nacional,2,185104,48,1,2,2,Gana Mas,1
2025-02-11,31,38,74,20|31|47|52|63|100,2,48,RELACION_DE_TERCER_NIVEL,RELACION_DE_TERCER_NIVEL,,,1,Gana Mas,1,185118,52,2,4,1,Quiniela Leidsa,3
2025-02-21,52,38,85,20|31|47|52|63|100,4,74,RELACION_DE_SEGUNDO_NIVEL,RELACION_DE_SEGUNDO_NIVEL,,,1,Gana Mas,1,185412,47,-1,3,2,New York 2:30,1
2025-02-23,70,44,29,22|59|70|75|91,3,63,MISMO_GRUPO_T2,MISMO_GRUPO_T2|MISMO_CODIGO_T2|POSICION_T2_ADYACENTE|VECINO_DEL_CONFIRMADOR,,,1,Gana Mas,1,185473,22,-2,1,2,Loteria Nacional,1
2025-02-23,75,44,62,22|59|70|75|91,4,63,RELACION_DE_SEGUNDO_NIVEL,RELACION_DE_SEGUNDO_NIVEL,,,1,Gana Mas,1,185473,22,-3,1,2,Loteria Nacional,1
2025-02-28,41,39,89,9|14|30|41|46|62|78|94,4,73,COMPANERO_DEL_CONFIRMADOR,COMPANERO_DEL_CONFIRMADOR,,,1,Gana Mas,3,185628,14,-2,2,1,New York 10:30,1
2025-03-02,22,44,53,22|59|70|75|91,1,60,RELACION_DE_SEGUNDO_NIVEL,RELACION_DE_SEGUNDO_NIVEL,,,1,Gana Mas,1,185684,70,2,3,2,Loteria Nacional,1
2025-03-03,7,42,44,7|18|23|50|55|66|71,1,93,RELACION_DE_SEGUNDO_NIVEL,RELACION_DE_SEGUNDO_NIVEL,,,1,Gana Mas,1,185712,66,5,6,1,Loteria Nacional,2
2025-03-03,22,44,42,22|59|70|75|91,1,93,RELACION_DE_SEGUNDO_NIVEL,RELACION_DE_SEGUNDO_NIVEL,,,1,Gana Mas,1,185712,70,2,3,1,Loteria Nacional,1
2025-03-08,89,48,71,73|89,2,68,RELACION_DE_TERCER_NIVEL,RELACION_DE_TERCER_NIVEL,,,1,Gana Mas,1,185861,73,-1,1,1,New York 10:30,2
2025-03-09,22,44,53,22|59|70|75|91,1,9,MISMO_GRUPO_T2,MISMO_GRUPO_T2|MISMO_CODIGO_T2|POSICION_T2_ADYACENTE|VECINO_DEL_CONFIRMADOR,,,1,Gana Mas,1,185888,70,2,3,1,Quiniela Loteka,2
2025-03-11,53,28,29,21|26|53,3,35,MISMO_GRUPO_T2,MISMO_GRUPO_T2|MISMO_CODIGO_T2|VECINO_DEL_CONFIRMADOR,,,1,Gana Mas,1,185947,21,-2,1,2,Quiniela Leidsa,3
2025-03-21,70,44,90,22|59|70|75|91,3,50,RELACION_DE_SEGUNDO_NIVEL,RELACION_DE_SEGUNDO_NIVEL,,,1,Gana Mas,2,186232,91,2,5,1,Quiniela Leidsa,1
2025-03-29,79,47,88,4|36|68|79|84,4,92,RELACION_DE_SEGUNDO_NIVEL,RELACION_DE_SEGUNDO_NIVEL,,,1,Gana Mas,3,186466,68,-1,3,1,Loteria Nacional,2
2025-03-31,93,41,97,13|29|93,3,28,RELACION_DE_TERCER_NIVEL,RELACION_DE_TERCER_NIVEL,,,1,Gana Mas,1,186519,29,-1,2,2,New York 10:30,3
2025-04-01,53,28,44,21|26|53,3,44,MISMO_GRUPO_T2,MISMO_GRUPO_T2|MISMO_CODIGO_T2|POSICION_T2_ADYACENTE|CONFIRMADOR_ORIGINAL,,,1,Gana Mas,1,186547,21,-2,1,4,Loteria Nacional,1
2025-04-02,22,44,90,22|59|70|75|91,1,10,RELACION_DE_SEGUNDO_NIVEL,RELACION_DE_SEGUNDO_NIVEL,,,1,Gana Mas,1,186574,70,2,3,1,Quiniela Real,1
2025-04-03,22,44,42,22|59|70|75|91,1,60,RELACION_DE_SEGUNDO_NIVEL,RELACION_DE_SEGUNDO_NIVEL,,,1,Gana Mas,1,186602,59,1,2,1,Gana Mas,3
2025-04-13,29,41,70,13|29|93,2,69,RELACION_DE_TERCER_NIVEL,RELACION_DE_TERCER_NIVEL,,,1,Gana Mas,1,186885,93,1,3,4,New York 2:30,1
2025-04-14,41,39,12,9|14|30|41|46|62|78|94,4,36,RELACION_DE_TERCER_NIVEL,RELACION_DE_TERCER_NIVEL,,,1,Gana Mas,1,186922,78,3,7,1,New York 2:30,1
2025-04-14,56,40,12,8|19|51|56|67|72,4,36,RELACION_DE_TERCER_NIVEL,RELACION_DE_TERCER_NIVEL,,,1,Gana Mas,1,186922,8,-3,1,1,New York 10:30,2
2025-04-21,73,48,28,73|89,1,53,CANDIDATO_ORIGINAL_ALTERNATIVO,CANDIDATO_ORIGINAL_ALTERNATIVO,,,1,Loteria Nacional,3,187106,89,1,2,5,Quiniela Real,2
2025-04-23,76,34,68,1|17|33|49|76,5,49,MISMO_GRUPO_T1,MISMO_GRUPO_T1|MISMO_CODIGO_T1|POSICION_T1_ADYACENTE|CANDIDATO_ORIGINAL_ALTERNATIVO,4,-1,1,Gana Mas,1,187157,49,-1,4,1,Gana Mas,1
2025-05-02,3,31,83,3|24|88|99,1,30,MISMO_GRUPO_T2,MISMO_GRUPO_T2|MISMO_CODIGO_T2|POSICION_T2_ADYACENTE|VECINO_DEL_CONFIRMADOR,,,1,Gana Mas,1,187417,99,3,4,1,Quiniela Leidsa,1
2025-05-04,44,43,9,12|28|44|60|81|92,3,51,RELACION_DE_TERCER_NIVEL,RELACION_DE_TERCER_NIVEL,,,1,Gana Mas,1,187473,12,-2,1,1,New York 2:30,3
2025-05-15,59,44,34,22|59|70|75|91,2,22,MISMO_GRUPO_T1,MISMO_GRUPO_T1|MISMO_CODIGO_T1|POSICION_T1_ADYACENTE|CANDIDATO_ORIGINAL_ALTERNATIVO|FUERTE_ALTERNATIVO,1,-1,1,Gana Mas,1,187800,22,-1,1,1,Gana Mas,1
2025-05-18,65,52,82,65|97,1,70,RELACION_DE_TERCER_NIVEL,RELACION_DE_TERCER_NIVEL,,,1,Gana Mas,2,187885,97,1,2,5,Loteria Nacional,3
2025-05-22,29,41,7,13|29|93,2,39,RELACION_DE_TERCER_NIVEL,RELACION_DE_TERCER_NIVEL,,,1,Gana Mas,1,188005,13,-1,1,4,Quiniela Loteka,1
2025-05-23,94,39,58,9|14|30|41|46|62|78|94,8,67,RELACION_DE_TERCER_NIVEL,RELACION_DE_TERCER_NIVEL,,,1,Gana Mas,1,188058,30,-5,3,1,Loteria Nacional,3
2025-05-24,79,47,67,4|36|68|79|84,4,74,RELACION_DE_TERCER_NIVEL,RELACION_DE_TERCER_NIVEL,,,1,Gana Mas,3,188063,4,-3,1,2,Loteria Nacional,2
2025-05-31,56,40,41,8|19|51|56|67|72,4,70,RELACION_DE_TERCER_NIVEL,RELACION_DE_TERCER_NIVEL,,,1,Gana Mas,1,188266,19,-2,2,1,Loteria Nacional,1
2025-06-03,69,45,11,69|80,1,44,RELACION_DE_TERCER_NIVEL,RELACION_DE_TERCER_NIVEL,,,1,Gana Mas,1,188354,,,,,,
2025-06-06,26,28,34,21|26|53,2,44,RELACION_DE_SEGUNDO_NIVEL,RELACION_DE_SEGUNDO_NIVEL,,,1,Gana Mas,2,188446,21,-1,1,2,Gana Mas,2
2025-06-12,73,48,23,73|89,1,14,RELACION_DE_TERCER_NIVEL,RELACION_DE_TERCER_NIVEL,,,1,Gana Mas,1,195603,89,1,2,2,Quiniela Real,3
2025-06-18,19,40,86,8|19|51|56|67|72,2,78,RELACION_DE_SEGUNDO_NIVEL,RELACION_DE_SEGUNDO_NIVEL,,,1,Gana Mas,1,195782,67,3,5,1,Quiniela Leidsa,2
2025-06-23,100,38,10,20|31|47|52|63|100,6,33,RELACION_DE_SEGUNDO_NIVEL,RELACION_DE_SEGUNDO_NIVEL,,,1,Gana Mas,2,195936,52,-2,4,1,Loteria Nacional,1
2025-06-27,22,44,35,22|59|70|75|91,1,31,RELACION_DE_SEGUNDO_NIVEL,RELACION_DE_SEGUNDO_NIVEL,,,1,Gana Mas,1,196065,75,3,4,1,Loteria Nacional,2
2025-07-09,63,38,70,20|31|47|52|63|100,5,59,COMPANERO_DEL_CONFIRMADOR,COMPANERO_DEL_CONFIRMADOR,,,1,Gana Mas,1,196446,31,-3,2,1,Gana Mas,2
2025-07-11,68,47,76,4|36|68|79|84,3,88,RELACION_DE_SEGUNDO_NIVEL,RELACION_DE_SEGUNDO_NIVEL,,,1,Gana Mas,1,196509,84,2,5,1,Loteria Nacional,2
2025-07-22,30,39,3,9|14|30|41|46|62|78|94,3,75,RELACION_DE_SEGUNDO_NIVEL,RELACION_DE_SEGUNDO_NIVEL,,,1,Gana Mas,1,196894,62,3,6,1,Quiniela Leidsa,1
2025-07-27,53,28,44,21|26|53,3,18,RELACION_DE_SEGUNDO_NIVEL,RELACION_DE_SEGUNDO_NIVEL,,,1,Gana Mas,1,197046,21,-2,1,1,Gana Mas,2
2025-08-07,89,48,12,73|89,2,72,RELACION_DE_SEGUNDO_NIVEL,RELACION_DE_SEGUNDO_NIVEL,,,1,Gana Mas,1,197379,73,-1,1,6,Loteria Nacional,2
2025-08-11,44,43,7,12|28|44|60|81|92,3,71,COMPANERO_DEL_CONFIRMADOR,COMPANERO_DEL_CONFIRMADOR,,,1,Gana Mas,2,197503,81,2,5,1,Gana Mas,3
2025-08-17,88,31,67,3|24|88|99,3,34,RELACION_DE_TERCER_NIVEL,RELACION_DE_TERCER_NIVEL,,,1,Gana Mas,1,197685,24,-1,2,1,Quiniela Real,3
2025-08-20,3,31,30,3|24|88|99,1,19,RELACION_DE_TERCER_NIVEL,RELACION_DE_TERCER_NIVEL,,,1,Gana Mas,2,197930,99,3,4,2,Loteria Nacional,1
2025-08-21,32,36,45,32|48|64|85,1,29,RELACION_DE_TERCER_NIVEL,RELACION_DE_TERCER_NIVEL,,,1,Loteria Nacional,3,198011,85,3,4,3,New York 10:30,2
2025-08-22,54,35,14,6|11|43|54|86,4,83,RELACION_DE_TERCER_NIVEL,RELACION_DE_TERCER_NIVEL,,,1,Gana Mas,1,198008,6,-3,1,2,Gana Mas,2
2025-08-28,70,44,42,22|59|70|75|91,3,27,RELACION_DE_TERCER_NIVEL,RELACION_DE_TERCER_NIVEL,,,1,Gana Mas,1,198205,75,1,4,2,Gana Mas,1
2025-08-30,9,39,63,9|14|30|41|46|62|78|94,1,42,MISMO_GRUPO_T2,MISMO_GRUPO_T2|MISMO_CODIGO_T2|VECINO_DEL_CONFIRMADOR|CANDIDATO_ORIGINAL_ALTERNATIVO|FUERTE_ALTERNATIVO,,,1,Gana Mas,1,198457,94,7,8,1,Gana Mas,2
2025-08-30,30,39,3,9|14|30|41|46|62|78|94,3,42,CANDIDATO_ORIGINAL_ALTERNATIVO,CANDIDATO_ORIGINAL_ALTERNATIVO|FUERTE_ALTERNATIVO,,,1,Gana Mas,1,198457,94,5,8,1,Gana Mas,2
2025-08-31,35,49,42,35|40|83,1,4,RELACION_DE_SEGUNDO_NIVEL,RELACION_DE_SEGUNDO_NIVEL,,,1,Gana Mas,2,198576,83,2,3,1,Loteria Nacional,1
2025-08-31,80,45,8,69|80,2,83,CANDIDATO_ORIGINAL_ALTERNATIVO,CANDIDATO_ORIGINAL_ALTERNATIVO,,,1,Loteria Nacional,1,198666,69,-1,1,4,New York 10:30,2
2025-09-02,93,41,97,13|29|93,3,55,RELACION_DE_TERCER_NIVEL,RELACION_DE_TERCER_NIVEL,,,1,Gana Mas,1,199029,29,-1,2,4,New York 10:30,1
2025-09-06,22,44,29,22|59|70|75|91,1,20,RELACION_DE_SEGUNDO_NIVEL,RELACION_DE_SEGUNDO_NIVEL,,,1,Gana Mas,2,199789,91,4,5,1,New York 10:30,3
2025-09-10,46,39,19,9|14|30|41|46|62|78|94,5,86,MISMO_GRUPO_T2,MISMO_GRUPO_T2|MISMO_CODIGO_T2|POSICION_T2_ADYACENTE|VECINO_DEL_CONFIRMADOR,,,1,Gana Mas,1,201147,62,1,6,1,New York 10:30,1
2025-09-13,71,42,12,7|18|23|50|55|66|71,7,74,RELACION_DE_TERCER_NIVEL,RELACION_DE_TERCER_NIVEL,,,1,Gana Mas,3,202158,55,-2,5,1,Quiniela Loteka,3
2025-09-19,63,38,22,20|31|47|52|63|100,5,57,RELACION_DE_TERCER_NIVEL,RELACION_DE_TERCER_NIVEL,,,1,Gana Mas,1,203169,31,-3,2,1,New York 2:30,1
2025-09-19,100,38,1,20|31|47|52|63|100,6,82,RELACION_DE_TERCER_NIVEL,RELACION_DE_TERCER_NIVEL,,,1,Gana Mas,2,203169,31,-4,2,1,New York 2:30,1
2025-09-20,59,44,34,22|59|70|75|91,2,66,RELACION_DE_TERCER_NIVEL,RELACION_DE_TERCER_NIVEL,,,1,Gana Mas,2,203198,75,2,4,1,Quiniela Real,2
2025-09-21,63,38,90,20|31|47|52|63|100,5,9,MISMO_GRUPO_T2,MISMO_GRUPO_T2|MISMO_CODIGO_T2|VECINO_DEL_CONFIRMADOR,,,1,Gana Mas,1,203288,31,-3,2,2,Quiniela Real,2
2025-10-02,51,40,21,8|19|51|56|67|72,3,34,RELACION_DE_SEGUNDO_NIVEL,RELACION_DE_SEGUNDO_NIVEL,,,1,Gana Mas,2,204570,72,3,6,2,Loteria Nacional,2
2025-10-02,67,40,88,8|19|51|56|67|72,5,34,RELACION_DE_SEGUNDO_NIVEL,RELACION_DE_SEGUNDO_NIVEL,,,1,Gana Mas,2,204570,72,1,6,2,Loteria Nacional,2
2025-10-07,63,38,7,20|31|47|52|63|100,5,33,RELACION_DE_TERCER_NIVEL,RELACION_DE_TERCER_NIVEL,,,1,Gana Mas,1,204995,47,-2,3,2,Quiniela Real,2
2025-10-10,63,38,35,20|31|47|52|63|100,5,27,RELACION_DE_TERCER_NIVEL,RELACION_DE_TERCER_NIVEL,,,1,Gana Mas,2,205324,20,-4,1,3,Loteria Nacional,3
2025-10-12,27,26,76,27|38,1,44,RELACION_DE_SEGUNDO_NIVEL,RELACION_DE_SEGUNDO_NIVEL,,,1,Gana Mas,1,205448,38,1,2,2,New York 2:30,3
2025-10-15,26,28,59,21|26|53,2,90,RELACION_DE_SEGUNDO_NIVEL,RELACION_DE_SEGUNDO_NIVEL,,,1,Gana Mas,3,205764,21,-1,1,3,Quiniela Loteka,1
2025-10-21,44,43,7,12|28|44|60|81|92,3,4,RELACION_DE_TERCER_NIVEL,RELACION_DE_TERCER_NIVEL,,,1,New York 10:30,1,206357,28,-1,2,5,Gana Mas,2
2025-10-30,100,38,10,20|31|47|52|63|100,6,32,RELACION_DE_TERCER_NIVEL,RELACION_DE_TERCER_NIVEL,,,1,Gana Mas,1,207112,63,-1,5,1,Quiniela Loteka,1
2025-11-01,90,46,7,37|58|74|90,4,7,MISMO_GRUPO_T2,MISMO_GRUPO_T2|MISMO_CODIGO_T2|CONFIRMADOR_ORIGINAL,,,1,Gana Mas,1,207505,74,-1,3,3,Gana Mas,1
2025-11-08,7,42,53,7|18|23|50|55|66|71,1,41,RELACION_DE_SEGUNDO_NIVEL,RELACION_DE_SEGUNDO_NIVEL,,,1,Gana Mas,1,208307,23,2,3,2,New York 2:30,2
2025-11-19,34,51,59,34|98,1,86,RELACION_DE_TERCER_NIVEL,RELACION_DE_TERCER_NIVEL,,,1,Gana Mas,1,208668,98,1,2,1,Quiniela Loteka,1
2025-11-19,53,28,70,21|26|53,3,86,RELACION_DE_TERCER_NIVEL,RELACION_DE_TERCER_NIVEL,,,1,Gana Mas,1,208668,21,-2,1,2,Quiniela Loteka,3
2025-11-20,46,39,86,9|14|30|41|46|62|78|94,5,68,RELACION_DE_TERCER_NIVEL,RELACION_DE_TERCER_NIVEL,,,1,Gana Mas,1,208702,30,-2,3,1,New York 10:30,2
2025-11-22,100,38,10,20|31|47|52|63|100,6,42,COMPANERO_DEL_CONFIRMADOR,COMPANERO_DEL_CONFIRMADOR,,,1,Gana Mas,1,208762,31,-4,2,2,New York 2:30,3
2025-11-25,57,30,69,25|57,2,35,RELACION_DE_TERCER_NIVEL,RELACION_DE_TERCER_NIVEL,,,1,Loteria Nacional,3,208869,25,-1,1,7,Quiniela Loteka,2
2025-11-26,46,39,19,9|14|30|41|46|62|78|94,5,19,MISMO_GRUPO_T2,MISMO_GRUPO_T2|MISMO_CODIGO_T2|POSICION_T2_ADYACENTE|CONFIRMADOR_ORIGINAL,,,1,Gana Mas,1,208882,41,-1,4,1,Loteria Nacional,2
2025-11-27,53,28,29,21|26|53,3,89,RELACION_DE_TERCER_NIVEL,RELACION_DE_TERCER_NIVEL,,,1,Gana Mas,1,208910,26,-1,2,3,Gana Mas,2
2025-12-05,7,42,70,7|18|23|50|55|66|71,1,71,MISMO_GRUPO_T1,MISMO_GRUPO_T1|MISMO_CODIGO_T1|POSICION_T1_LEJANA|CANDIDATO_ORIGINAL_ALTERNATIVO|FUERTE_ALTERNATIVO,7,6,1,Gana Mas,1,209150,71,6,7,1,Gana Mas,1
2025-12-09,44,43,9,12|28|44|60|81|92,3,66,RELACION_DE_SEGUNDO_NIVEL,RELACION_DE_SEGUNDO_NIVEL,,,1,Gana Mas,1,209267,81,2,5,1,New York 2:30,2
2026-01-07,23,42,77,7|18|23|50|55|66|71,3,83,RELACION_DE_TERCER_NIVEL,RELACION_DE_TERCER_NIVEL,,,1,Gana Mas,1,210076,7,-2,1,3,New York 2:30,3
2026-01-19,42,37,7,5|10|42,3,85,RELACION_DE_TERCER_NIVEL,RELACION_DE_TERCER_NIVEL,,,1,Gana Mas,2,210452,5,-2,1,1,New York 2:30,3
2026-01-23,89,48,41,73|89,2,27,RELACION_DE_TERCER_NIVEL,RELACION_DE_TERCER_NIVEL,,,1,Loteria Nacional,1,210593,73,-1,1,1,New York 2:30,2
2026-01-25,28,43,23,12|28|44|60|81|92,2,49,RELACION_DE_TERCER_NIVEL,RELACION_DE_TERCER_NIVEL,,,1,Gana Mas,1,210648,12,-1,1,1,Quiniela Real,1
2026-02-08,31,38,74,20|31|47|52|63|100,2,93,RELACION_DE_TERCER_NIVEL,RELACION_DE_TERCER_NIVEL,,,1,Gana Mas,1,218888,63,3,5,2,Gana Mas,2
2026-02-08,52,38,85,20|31|47|52|63|100,4,93,RELACION_DE_TERCER_NIVEL,RELACION_DE_TERCER_NIVEL,,,1,Gana Mas,1,218888,63,1,5,2,Gana Mas,2
2026-02-15,46,39,86,9|14|30|41|46|62|78|94,5,9,MISMO_GRUPO_T1,MISMO_GRUPO_T1|MISMO_CODIGO_T1|POSICION_T1_LEJANA|CANDIDATO_ORIGINAL_ALTERNATIVO,1,-4,1,Gana Mas,1,219207,9,-4,1,1,Gana Mas,1
2026-02-17,88,31,67,3|24|88|99,3,41,CANDIDATO_ORIGINAL_ALTERNATIVO,CANDIDATO_ORIGINAL_ALTERNATIVO,,,1,Gana Mas,3,219299,99,1,4,1,Loteria Nacional,2
2026-02-19,88,31,79,3|24|88|99,3,72,RELACION_DE_SEGUNDO_NIVEL,RELACION_DE_SEGUNDO_NIVEL,,,1,Gana Mas,2,219388,24,-1,2,2,Quiniela Loteka,1
2026-02-26,16,27,25,16,1,57,COMPANERO_DEL_CONFIRMADOR,COMPANERO_DEL_CONFIRMADOR,,,3,Gana Mas,1,219784,,,,,,
2026-03-05,22,44,29,22|59|70|75|91,1,55,RELACION_DE_SEGUNDO_NIVEL,RELACION_DE_SEGUNDO_NIVEL,,,1,Gana Mas,1,220011,59,1,2,1,New York 2:30,3
2026-03-05,68,47,92,4|36|68|79|84,3,79,MISMO_GRUPO_T1,MISMO_GRUPO_T1|MISMO_CODIGO_T1|POSICION_T1_ADYACENTE|CANDIDATO_ORIGINAL_ALTERNATIVO,4,1,1,Gana Mas,3,220011,79,1,4,1,Gana Mas,3
2026-03-06,29,41,53,13|29|93,2,41,RELACION_DE_SEGUNDO_NIVEL,RELACION_DE_SEGUNDO_NIVEL,,,1,Gana Mas,1,220054,93,1,3,6,Quiniela Leidsa,2
2026-03-07,29,41,42,13|29|93,2,59,RELACION_DE_SEGUNDO_NIVEL,RELACION_DE_SEGUNDO_NIVEL,,,1,Gana Mas,1,220098,93,1,3,5,Quiniela Leidsa,2
2026-03-17,22,44,29,22|59|70|75|91,1,66,RELACION_DE_SEGUNDO_NIVEL,RELACION_DE_SEGUNDO_NIVEL,,,1,Gana Mas,1,220545,70,2,3,3,New York 2:30,3
2026-03-23,22,44,9,22|59|70|75|91,1,62,COMPANERO_DEL_CONFIRMADOR,COMPANERO_DEL_CONFIRMADOR|CANDIDATO_ORIGINAL_ALTERNATIVO,,,1,Gana Mas,1,220813,75,3,4,2,New York 2:30,1
2026-03-26,44,43,42,12|28|44|60|81|92,3,35,MISMO_GRUPO_T2,MISMO_GRUPO_T2|MISMO_CODIGO_T2|VECINO_DEL_CONFIRMADOR,,,1,Gana Mas,1,220947,92,3,6,1,Quiniela Real,1
2026-03-28,7,42,63,7|18|23|50|55|66|71,1,85,RELACION_DE_TERCER_NIVEL,RELACION_DE_TERCER_NIVEL,,,1,Gana Mas,1,221035,71,6,7,1,Gana Mas,3
2026-04-09,77,32,23,77,1,9,RELACION_DE_TERCER_NIVEL,RELACION_DE_TERCER_NIVEL,,,1,Gana Mas,1,221476,,,,,,
2026-04-09,87,33,23,2|39|82|87,4,9,RELACION_DE_TERCER_NIVEL,RELACION_DE_TERCER_NIVEL,,,1,Gana Mas,1,221476,82,-1,3,1,Loteria Nacional,1
2026-04-13,77,32,28,77,1,37,RELACION_DE_TERCER_NIVEL,RELACION_DE_TERCER_NIVEL,,,1,Loteria Nacional,1,221683,,,,,,
2026-04-16,16,27,25,16,1,69,RELACION_DE_TERCER_NIVEL,RELACION_DE_TERCER_NIVEL,,,1,Loteria Nacional,3,221813,,,,,,
2026-04-25,28,43,23,12|28|44|60|81|92,2,58,RELACION_DE_TERCER_NIVEL,RELACION_DE_TERCER_NIVEL,,,1,Gana Mas,1,222193,44,1,3,1,New York 10:30,3
2026-05-22,22,44,9,22|59|70|75|91,1,85,RELACION_DE_TERCER_NIVEL,RELACION_DE_TERCER_NIVEL,,,1,Gana Mas,1,223370,70,2,3,1,Loteria Nacional,1
2026-05-22,91,44,69,22|59|70|75|91,5,11,MISMO_GRUPO_T2,MISMO_GRUPO_T2|MISMO_CODIGO_T2|VECINO_DEL_CONFIRMADOR,,,1,Gana Mas,2,223370,70,-2,3,1,Loteria Nacional,1
2026-05-24,82,33,65,2|39|82|87,3,97,COMPANERO_DEL_CONFIRMADOR,COMPANERO_DEL_CONFIRMADOR,,,1,Gana Mas,1,223464,39,-1,2,1,Quiniela Real,3
2026-05-30,35,49,29,35|40|83,1,70,MISMO_GRUPO_T2,MISMO_GRUPO_T2|MISMO_CODIGO_T2|VECINO_DEL_CONFIRMADOR,,,1,Gana Mas,1,223723,40,1,2,1,New York 10:30,3
2026-06-06,90,46,7,37|58|74|90,4,51,RELACION_DE_TERCER_NIVEL,RELACION_DE_TERCER_NIVEL,,,1,Gana Mas,2,224057,37,-3,1,1,Quiniela Loteka,1
2026-06-09,13,41,17,13|29|93,1,17,MISMO_GRUPO_T2,MISMO_GRUPO_T2|MISMO_CODIGO_T2|POSICION_T2_ADYACENTE|CONFIRMADOR_ORIGINAL,,,1,Gana Mas,2,224186,93,2,3,1,New York 2:30,1
2026-06-11,9,39,44,9|14|30|41|46|62|78|94,1,25,CANDIDATO_ORIGINAL_ALTERNATIVO,CANDIDATO_ORIGINAL_ALTERNATIVO,,,1,Gana Mas,1,224280,94,7,8,1,Loteria Nacional,1
2026-06-11,41,39,71,9|14|30|41|46|62|78|94,4,25,CANDIDATO_ORIGINAL_ALTERNATIVO,CANDIDATO_ORIGINAL_ALTERNATIVO,,,1,Gana Mas,1,224280,94,4,8,1,Loteria Nacional,1
2026-06-11,91,44,69,22|59|70|75|91,5,25,CANDIDATO_ORIGINAL_ALTERNATIVO,CANDIDATO_ORIGINAL_ALTERNATIVO,,,1,Gana Mas,1,224280,59,-3,2,4,Quiniela Leidsa,3
2026-06-12,84,47,94,4|36|68|79|84,5,39,RELACION_DE_TERCER_NIVEL,RELACION_DE_TERCER_NIVEL,,,1,Gana Mas,2,224323,79,-1,4,4,Loteria Nacional,3
2026-06-16,8,40,80,8|19|51|56|67|72,1,54,RELACION_DE_TERCER_NIVEL,RELACION_DE_TERCER_NIVEL,,,1,Gana Mas,1,224496,19,1,2,5,New York 2:30,2
2026-06-17,22,44,63,22|59|70|75|91,1,97,RELACION_DE_TERCER_NIVEL,RELACION_DE_TERCER_NIVEL,,,1,Gana Mas,1,224540,91,4,5,2,Quiniela Loteka,2
2026-06-21,9,39,44,9|14|30|41|46|62|78|94,1,58,RELACION_DE_SEGUNDO_NIVEL,RELACION_DE_SEGUNDO_NIVEL,,,1,Gana Mas,1,224723,62,5,6,1,Quiniela Real,1
2026-06-21,22,44,70,22|59|70|75|91,1,58,RELACION_DE_SEGUNDO_NIVEL,RELACION_DE_SEGUNDO_NIVEL,,,1,Gana Mas,1,224723,59,1,2,2,Gana Mas,3
2026-06-24,79,47,88,4|36|68|79|84,4,14,RELACION_DE_TERCER_NIVEL,RELACION_DE_TERCER_NIVEL,,,1,Gana Mas,1,224856,4,-3,1,3,New York 2:30,1
2026-07-06,63,38,9,20|31|47|52|63|100,5,56,RELACION_DE_TERCER_NIVEL,RELACION_DE_TERCER_NIVEL,,,1,Gana Mas,1,225382,52,-1,4,1,Loteria Nacional,2
2026-07-06,90,46,9,37|58|74|90,4,56,RELACION_DE_TERCER_NIVEL,RELACION_DE_TERCER_NIVEL,,,1,Gana Mas,1,225382,74,-1,3,1,Quiniela Real,2
